RERUN_SET,TIME,TRW,DVS,RDD,TMIN,TMAX,NFLV,LESTRS,LRSTRS,LDSTRS,PCEW,NSP,LAI,WAGT,WST,WLVG,WLVD,WSO,WRR14,WRT,ZRT,NSLLV,RNSTRS,NUPP,ANCR,ANLV,ANLD,ANST,ANSO,ANRT,NMAXL,NMINL,FNLV,ROOTN,ROOTC,SNH4,SNO3,WL0,ZW,IR,IRCUM2,RAINCUM2,RUNOFCUM2,EVSW,EVSWCUM2,TRWCUM2,GWTOT,CAPTOT,WLFLOUT,N2O,NH3,LEACHED,MINERALIZED,FERTILIZER,CO2RELEASED,SOC,SON,YEAR,DOY,CROPSTA,ETD,TRC,EVSC,RAIN,RAINCU
1,1.0,0.0,0.0,17969300.0,24.0,31.0,0.5,1.0,1.0,1.0,1.0,0.0,0.0165,0.02,0.0,0.0,0.0,0.0,0.0,0.0,0.0001,1.0,1.0,0.0,0.0,0.0,0.0,0.0,0.0,0.0,0.053,0.025,0.025,0.0,0.0,19.01,6.4898,10.0,0.0,0.0,0.0,0.0,0.0,10.843,0.0,0.0,0.0,0.0,0.0,0.0258918,0.0863005,0.0,0.22464,0.0,2.6958,39622.0,2153.3,2016.0,1.0,1.0,10.843,0.0,10.843,0.0,0.0
1,2.0,0.12502,0.0124959,16646200.0,25.0,31.0,0.5,1.0,1.0,1.0,1.0,0.0,0.0191716,0.79855,0.31942,0.47913,0.0,0.0,0.0,0.79855,0.1,1.0,1.0,0.0945322,0.0,0.0,0.0,0.0,0.0,0.0,0.053,0.0248376,0.025,0.0211615,0.79855,19.085,6.433,0.0,0.0,0.0,0.0,0.0,0.0,7.9754,10.843,0.0,0.0,0.0,1.8755,0.0262038,0.11967,0.0,0.33949,0.0,4.0746,39618.0,2153.0,2016.0,2.0,4.0,8.0523,0.12502,7.9754,0.0,0.0
1,3.0,0.12618,0.0252879,13600200.0,27.0,31.0,1.1778,0.56412,1.0,1.0,1.0,0.0,0.0223493,1.7176,0.68702,1.0305,0.0,0.0,0.0,1.6912,0.1,1.0,1.0,0.0877685,0.0945322,0.0546183,0.0,0.0162578,0.0,0.0236561,0.053,0.0246713,0.053,0.0448177,1.6912,19.202,6.4218,0.0,0.0,0.0,0.0,0.0,0.0,2.7159,18.818,0.12502,0.0,0.0,1.8755,0.00668132,0.14338,0.0,0.7263,0.0,8.7155,39609.0,2152.2,2016.0,3.0,4.0,6.9819,0.12618,6.9043,1.0,0.0
1,4.0,0.14072,0.0386646,15215700.0,25.0,30.0,1.1778,0.494,1.0,1.0,1.0,0.0,0.0245345,3.0325,1.213,1.8195,0.0,0.0,0.0,2.931,0.1,1.0,1.0,0.10452,0.1823,0.096433,0.0,0.0293567,0.0,0.056511,0.053,0.0244974,0.053,0.0776725,2.931,19.369,6.726,0.0,0.0,0.0,0.0,1.0,0.0,3.4452,21.534,0.25119,0.0,0.0,1.8755,0.0035651,0.15128,0.0,0.75953,0.0,9.1147,39600.0,2151.5,2016.0,4.0,4.0,7.1408,0.14072,7.0538,2.1,1.0
1,5.0,0.13474,0.0514566,15226500.0,26.0,31.0,1.1778,0.43735,1.0,1.0,1.0,0.0,0.0265434,4.6097,1.8439,2.7658,0.0,0.0,0.0,4.3726,0.1,1.0,1.0,0.11119,0.28682,0.14659,0.0,0.0455194,0.0,0.0947115,0.053,0.0243311,0.053,0.11587,4.3726,19.503,7.0854,0.0,0.0,0.0,0.0,3.1,0.0,3.8358,24.979,0.39191,0.0,0.0,1.8755,0.000884848,0.15276,0.0,0.80633,0.0,9.6753,39590.0,2150.7,2016.0,5.0,4.0,6.5288,0.13474,6.4427,2.8,3.1
1,6.0,0.17963,0.064541,15237800.0,26.0,31.0,1.1778,0.39214,0.89665,1.0,1.0,0.0,0.0285116,6.3005,2.5202,3.7803,0.0,0.0,0.0,5.8724,0.1,1.0,1.0,0.11282,0.39801,0.20036,0.0,0.0632007,0.0,0.13446,0.053,0.024161,0.053,0.15562,5.8724,19.612,7.5164,0.0,0.0,0.0,0.0,5.9,0.0,1.182,28.815,0.52665,0.0,0.0,1.8755,0.000647964,0.15638,0.0,0.80083,0.0,9.6103,39581.0,2149.9,2016.0,6.0,4.0,7.7488,0.17963,7.6391,0.1,5.9
1,7.0,0.24405,0.0776254,16705200.0,25.0,31.0,1.1778,0.34247,0.75267,1.0,1.0,0.0,0.0304071,8.0321,3.2128,4.8193,0.0,0.0,0.0,7.3623,0.1,1.0,1.0,0.11584,0.51083,0.25542,0.0,0.0814693,0.0,0.17394,0.053,0.0239909,0.053,0.1951,7.3623,19.668,7.9882,0.0,0.0,0.0,0.0,6.0,0.0,1.2036,29.997,0.70629,0.0,0.0,1.8755,0.000382336,0.15605,0.0,0.77964,0.0,9.3549,39571.0,2149.1,2016.0,7.0,4.0,9.5434,0.24405,9.3994,0.0,6.0
1,8.0,0.27119,0.0904174,15262000.0,26.0,31.0,1.1778,0.28393,0.58297,1.0,1.0,0.0,0.0321331,9.83,3.932,5.898,0.0,0.0,0.0,8.8625,0.1,1.0,1.0,0.10488,0.62667,0.31259,0.0,0.10039,0.0,0.21369,0.053,0.0238246,0.053,0.23486,8.8625,19.687,8.4882,0.0,0.0,30.0,0.0,6.0,0.0,9.7204,31.201,0.95033,0.0,0.0,1.8755,0.000131264,0.3376,0.0,0.76388,60.0,9.165,39562.0,2148.3,2016.0,8.0,4.0,9.8778,0.27119,9.7204,0.2,6.0
1,9.0,0.29675,0.1035,15274900.0,26.0,31.0,1.1778,0.71915,1.0,1.0,1.0,0.0,0.03368,11.467,4.5868,6.8802,0.0,0.0,0.0,10.188,0.1,1.0,1.0,0.13865,0.73155,0.36465,0.0,0.11808,0.0,0.24882,0.053,0.0236545,0.053,0.26998,10.188,32.925,9.5412,0.0,0.0,30.0,30.0,6.2,0.0,10.143,40.921,1.2215,0.0,0.0,1.8755,0.00489482,0.51309,0.0,0.90989,0.0,10.919,39551.0,2147.4,2016.0,9.0,4.0,10.315,0.29675,10.143,0.0,6.2
1,10.0,0.29305,0.11659,16747400.0,25.0,31.0,1.1778,1.0,1.0,1.0,1.0,0.0,0.0377863,13.68,5.472,8.2079,0.0,0.0,0.0,11.925,0.1,1.0,1.0,0.16397,0.8702,0.43502,0.0,0.14032,0.0,0.29486,0.053,0.0234844,0.053,0.31603,11.925,43.856,11.517,8.6137,0.0,30.0,60.0,6.2,0.0,9.3995,51.064,1.5183,0.0,0.0,3.0,0.0443303,0.56132,0.0,0.30954,0.0,3.7152,39548.0,2147.1,2016.0,10.0,4.0,9.5788,0.29305,9.3995,0.0,6.2
1,11.0,0.19264,0.12938,15302100.0,25.0,30.0,1.1778,1.0,1.0,1.0,1.0,0.0,0.0440494,16.315,6.5259,9.7888,0.0,0.0,0.0,13.931,0.1,1.0,1.0,0.18626,1.0342,0.51881,0.0,0.16735,0.0,0.34802,0.053,0.0233181,0.053,0.36918,13.931,49.815,11.457,25.921,0.0,0.0,90.0,6.2,0.0,5.929,60.464,1.8113,0.0,0.0,3.0,0.0381034,0.59554,0.0,0.30499,0.0,3.6601,39544.0,2146.8,2016.0,11.0,4.0,6.061,0.19264,5.929,0.0,6.2
1,12.0,0.35644,0.14217,15316300.0,26.0,31.0,1.1778,1.0,1.0,1.0,1.0,0.0,0.0513506,19.333,7.7334,11.6,0.0,0.0,0.0,16.16,0.1,1.0,1.0,0.21325,1.2204,0.6148,0.0,0.19854,0.0,0.40709,0.053,0.0231518,0.053,0.42825,16.16,54.426,11.405,16.8,0.0,30.0,90.0,6.2,0.0,8.4294,66.393,2.004,0.0,0.0,3.0,0.036665,0.64351,0.0,0.30796,0.0,3.6955,39540.0,2146.5,2016.0,12.0,4.0,8.6486,0.35644,8.4294,0.0,6.2
1,13.0,0.50551,0.15525,15331000.0,26.0,31.0,1.1778,1.0,1.0,1.0,1.0,0.0,0.0600565,22.824,9.1296,13.694,0.0,0.0,0.0,18.661,0.1,1.0,1.0,0.24984,1.4337,0.7258,0.0,0.23453,0.0,0.47334,0.053,0.0229817,0.053,0.4945,18.661,58.024,11.355,35.014,0.0,0.0,120.0,6.2,0.0,9.8624,74.822,2.3604,0.0,0.0,3.0,0.0353893,0.6966,0.0,0.31019,0.0,3.722,39537.0,2146.2,2016.0,13.0,4.0,10.163,0.50551,9.8624,0.1,6.2
1,14.0,0.70817,0.16834,16810800.0,26.0,32.0,1.1778,1.0,1.0,1.0,1.0,0.0,0.0702384,26.956,10.782,16.174,0.0,0.0,0.0,21.529,0.1,1.0,1.0,0.30132,1.6835,0.8572,0.0,0.27697,0.0,0.54935,0.053,0.0228116,0.053,0.57051,21.529,60.732,11.306,21.746,0.0,0.0,120.0,6.3,0.0,11.557,84.684,2.8659,0.0,0.0,3.0,0.0342252,0.73599,0.0,0.31486,0.0,3.7776,39533.0,2145.9,2016.0,14.0,4.0,11.97,0.70817,11.557,0.0,6.3
1,15.0,0.69846,0.18117,16827800.0,26.0,32.0,1.1934,1.0,1.0,1.0,1.0,0.0,0.0819136,31.991,12.796,19.195,0.0,0.0,0.0,24.915,0.11,1.0,1.0,0.35396,1.9848,1.0173,0.0,0.32843,0.0,0.6391,0.053,0.0226448,0.053,0.66026,24.915,62.735,11.255,6.4806,0.0,30.0,120.0,6.3,0.0,10.012,96.241,3.5741,0.0,0.0,3.0,0.0332573,0.7841,0.0,0.32102,0.0,3.8515,39529.0,2145.6,2016.0,15.0,4.0,10.43,0.69846,10.012,0.0,6.3
1,16.0,0.54731,0.194,16845200.0,26.0,32.0,1.2182,1.0,1.0,1.0,1.0,0.0,0.0955296,37.955,15.182,22.773,0.0,0.0,0.0,28.804,0.11,1.0,1.0,0.41644,2.3388,1.207,0.0,0.38968,0.0,0.74214,0.053,0.0224781,0.053,0.7633,28.804,64.126,11.203,22.77,0.0,0.0,150.0,6.3,0.0,7.3019,106.25,4.2725,0.0,0.0,3.0,0.0320511,0.81625,0.0,0.32254,0.0,3.871,39525.0,2145.2,2016.0,16.0,4.0,7.6592,0.54731,7.3019,1.5,6.3
1,17.0,0.62364,0.20682,16863000.0,26.0,32.0,1.2441,1.0,1.0,1.0,1.0,0.0,0.11141,45.036,18.014,27.022,0.0,0.0,0.0,33.278,0.12,1.0,1.0,0.48985,2.7552,1.4321,0.0,0.46237,0.0,0.86071,0.053,0.0223113,0.053,0.88188,33.278,64.976,11.148,13.421,0.0,30.0,150.0,7.8,0.0,7.1169,113.56,4.8199,0.0,0.0,3.0,0.0308077,0.83105,0.0,0.32407,0.0,3.8893,39521.0,2144.9,2016.0,17.0,4.0,7.5246,0.62364,7.1169,0.0,7.8
1,18.0,0.74647,0.21965,16881100.0,26.0,32.0,1.2711,1.0,1.0,1.0,1.0,0.0,0.12993,53.44,21.376,32.064,0.0,0.0,0.0,38.423,0.13,1.0,1.0,0.57601,3.2451,1.6994,0.0,0.54864,0.0,0.99706,0.053,0.0221445,0.053,1.0182,38.423,65.381,11.089,32.68,0.0,0.0,180.0,7.8,0.0,7.1871,120.67,5.4435,0.0,0.0,3.0,0.0295127,0.8378,0.0,0.32372,0.0,3.8845,39517.0,2144.6,2016.0,18.0,4.0,7.6695,0.74647,7.1871,3.7,7.8
1,19.0,1.29,0.23248,16899500.0,26.0,32.0,1.2994,1.0,1.0,1.0,1.0,0.0,0.15152,63.408,25.363,38.045,0.0,0.0,0.0,44.336,0.14,1.0,1.0,0.67704,3.8211,2.0164,0.0,0.65099,0.0,1.1537,0.053,0.0219777,0.053,1.1749,44.336,65.392,11.029,25.447,0.0,0.0,180.0,11.5,0.0,9.693,127.86,6.19,0.0,0.0,3.0,0.028264,0.83215,0.0,0.32411,0.0,3.8885,39513.0,2144.3,2016.0,19.0,4.0,10.456,1.29,9.693,0.2,11.5
1,20.0,1.7125,0.24531,16918300.0,26.0,32.0,1.3289,1.0,1.0,1.0,1.0,0.0,0.17671,75.226,30.09,45.135,0.0,0.0,0.0,51.124,0.15,1.0,1.0,0.79539,4.4981,2.3922,0.0,0.77234,0.0,1.3336,0.053,0.021811,0.053,1.3548,51.124,65.067,10.965,11.664,0.0,30.0,180.0,11.7,0.0,10.63,137.55,7.48,0.0,0.0,3.0,0.0271009,0.82818,0.0,0.32622,0.0,3.9147,39509.0,2143.9,2016.0,20.0,4.0,11.611,1.7125,10.63,0.0,11.7
1,21.0,1.95,0.25814,18294400.0,26.0,33.0,1.3597,1.0,1.0,1.0,1.0,0.0,0.20608,89.227,35.691,53.536,0.0,0.0,0.0,58.91,0.15,1.0,1.0,0.9491,5.2935,2.8374,0.0,0.91613,0.0,1.54,0.053,0.0216442,0.053,1.5611,58.91,64.418,10.897,26.322,0.0,0.0,210.0,11.7,0.0,10.422,148.18,9.1925,0.0,0.0,3.0,0.0259944,0.82451,0.0,0.32916,0.0,3.9504,39506.0,2143.6,2016.0,21.0,4.0,11.553,1.95,10.422,0.0,11.7
1,22.0,1.8207,0.27061,19579900.0,25.0,33.0,1.3921,1.0,1.0,1.0,1.0,0.0,0.23939,106.08,42.433,63.65,0.0,0.0,0.0,67.984,0.16,1.0,1.0,1.1392,6.2426,3.3735,0.0,1.0888,0.0,1.7804,0.053,0.0214821,0.053,1.8016,67.984,63.449,10.82,10.95,0.0,30.0,210.0,11.7,0.0,8.6833,158.6,11.142,0.0,0.0,3.0,0.0248229,0.81372,0.0,0.33034,0.0,3.9636,39502.0,2143.3,2016.0,22.0,4.0,9.7874,1.8207,8.6833,0.0,11.7
1,23.0,2.0988,0.28288,16976200.0,26.0,32.0,1.425,1.0,1.0,1.0,1.0,0.0,0.27746,126.48,50.593,75.889,0.0,0.0,0.0,78.618,0.17,1.0,1.0,1.2722,7.3818,4.0221,0.0,1.2975,0.0,2.0622,0.053,0.0213225,0.053,2.0834,78.618,62.236,10.748,27.446,0.0,0.0,240.0,11.7,0.0,8.3097,167.29,12.963,0.0,0.0,3.0,0.0236829,0.79544,0.0,0.32974,0.0,3.9575,39498.0,2142.9,2016.0,23.0,4.0,9.5463,2.0988,8.3097,0.2,11.7
1,24.0,3.792,0.29571,15515100.0,27.0,32.0,1.459,1.0,1.0,1.0,1.0,0.0,0.32358,149.39,59.754,89.631,0.0,0.0,0.0,90.183,0.17,1.0,1.0,1.4096,8.6541,4.7504,0.0,1.5349,0.0,2.3687,0.053,0.0211557,0.053,2.3898,90.183,60.79,10.69,14.237,0.0,30.0,240.0,11.9,0.0,11.515,175.6,15.062,0.0,0.0,3.0,0.0227399,0.76881,0.0,0.3319,0.0,3.9835,39494.0,2142.6,2016.0,24.0,4.0,13.537,3.792,11.515,12.9,11.9
1,25.0,5.4371,0.30877,17015900.0,24.0,30.0,1.4963,1.0,1.0,1.0,1.0,0.0,0.37834,174.96,69.984,104.98,0.0,0.0,0.0,102.67,0.18,1.0,1.0,1.8164,10.064,5.5637,0.0,1.8004,0.0,2.6996,0.053,0.020986,0.053,2.7208,102.67,58.895,10.628,38.83,0.0,0.0,270.0,24.8,0.0,13.329,187.11,18.854,0.0,0.0,3.0,0.0213825,0.71706,0.0,0.31832,0.0,3.8197,39490.0,2142.3,2016.0,25.0,4.0,16.105,5.4371,13.329,0.0,24.8
1,26.0,4.6172,0.32124,17036000.0,23.0,29.0,1.5363,1.0,1.0,1.0,1.0,0.0,0.43944,208.35,83.34,125.01,0.0,0.0,0.0,118.42,0.19,1.0,1.0,2.1633,11.88,6.6255,0.0,2.1377,0.0,3.1169,0.053,0.0208239,0.053,3.1381,118.42,56.64,10.548,17.064,0.0,30.0,270.0,24.8,0.0,9.8069,200.44,24.291,0.0,0.0,3.0,0.0197788,0.80986,0.0,0.30188,60.0,3.6231,39486.0,2142.0,2016.0,26.0,4.0,12.217,4.6172,9.8069,0.0,24.8
1,27.0,5.3542,0.33304,18422800.0,24.0,31.0,1.5765,1.0,1.0,1.0,1.0,0.0,0.50667,248.31,99.323,148.98,0.0,0.0,0.0,136.64,0.19,1.0,1.0,2.4904,14.043,7.8962,0.0,2.5473,0.0,3.5999,0.053,0.0206704,0.053,3.621,136.64,64.991,10.488,29.64,0.0,0.0,300.0,24.8,0.0,9.7363,210.25,28.908,0.0,0.0,3.0,0.0188105,0.87226,0.0,0.3019,0.0,3.6225,39483.0,2141.7,2016.0,27.0,4.0,12.543,5.3542,9.7363,3.6,24.8
1,28.0,4.766,0.34554,15588600.0,26.0,31.0,1.6084,1.0,1.0,1.0,1.0,0.0,0.58871,294.58,117.83,176.75,0.0,0.0,0.0,157.08,0.2,1.0,1.0,2.6302,16.534,9.3678,0.0,3.0245,0.0,4.1415,0.053,0.020508,0.053,4.1627,157.08,71.101,10.429,15.149,0.0,30.0,300.0,28.4,0.0,7.4164,219.98,34.263,0.0,0.0,3.0,0.0182996,0.96638,0.0,0.31254,0.0,3.7501,39479.0,2141.4,2016.0,28.0,4.0,9.9547,4.766,7.4164,0.0,28.4
1,29.0,4.3556,0.35862,17096900.0,25.0,31.0,1.618,1.0,1.0,1.0,1.0,0.0,0.68852,343.67,137.47,206.2,0.0,0.0,0.0,178.03,0.21,1.0,1.0,3.2036,19.164,10.929,0.0,3.5388,0.0,4.6966,0.053,0.0203379,0.053,4.7177,178.03,75.012,10.363,29.967,0.0,0.0,330.0,28.4,0.0,5.9098,227.4,39.029,0.0,0.0,3.0,0.0175823,1.022,0.0,0.31233,0.0,3.7474,39475.0,2141.1,2016.0,29.0,4.0,8.3384,4.3556,5.9098,0.0,28.4
1,30.0,6.4747,0.37142,18488800.0,25.0,32.0,1.6281,1.0,1.0,1.0,1.0,0.0,0.80264,404.22,161.69,242.53,0.0,0.0,0.0,202.94,0.22,1.0,1.0,3.7554,22.368,12.854,0.0,4.1564,0.0,5.3568,0.053,0.0201716,0.053,5.378,202.94,76.819,10.298,16.701,0.0,30.0,330.0,28.4,0.0,6.8654,233.31,43.384,0.0,0.0,3.0,0.0168676,1.0313,0.0,0.3139,0.0,3.7657,39471.0,2140.8,2016.0,30.0,4.0,10.255,6.4747,6.8654,0.0,28.4
1,31.0,7.6782,0.38399,18510800.0,25.0,32.0,1.6382,1.0,1.0,1.0,1.0,0.0,0.93342,475.63,190.25,285.38,0.0,0.0,0.0,231.27,0.22,1.0,1.0,4.3025,26.123,15.125,0.0,4.8903,0.0,6.1076,0.053,0.0200081,0.053,6.1288,231.27,76.91,10.23,30.361,0.0,0.0,360.0,28.4,0.0,6.5284,240.18,49.859,0.0,0.0,3.0,0.0161944,1.0272,0.0,0.31486,0.0,3.7782,39467.0,2140.4,2016.0,31.0,4.0,10.411,7.6782,6.5284,0.0,28.4
1,32.0,8.0397,0.39657,18532900.0,25.0,32.0,1.6482,1.0,1.0,1.0,1.0,0.0,1.0855,557.96,223.18,334.78,0.0,0.0,0.0,262.78,0.23,1.0,1.0,4.9115,30.425,17.743,0.0,5.7399,0.0,6.9425,0.053,0.0198446,0.053,6.9636,262.78,75.443,10.153,13.155,0.0,30.0,360.0,28.4,0.0,5.5797,246.7,57.537,0.0,0.0,3.0,0.0154774,0.98897,0.0,0.31513,0.0,3.781,39464.0,2140.1,2016.0,32.0,4.0,9.6011,8.0397,5.5797,0.0,28.4
1,33.0,10.386,0.40914,17178500.0,26.0,32.0,1.6583,1.0,1.0,1.0,1.0,0.0,1.2621,652.6,261.04,391.56,0.0,0.0,0.0,297.68,0.23,1.0,1.0,5.1106,35.337,20.753,0.0,6.7169,0.0,7.8674,0.0526605,0.0196812,0.053,7.8886,297.68,73.04,10.071,26.535,0.0,0.0,390.0,28.4,0.0,5.4895,252.28,65.577,0.0,0.0,3.0,0.0148243,0.9472,0.0,0.3176,0.0,3.8107,39460.0,2139.8,2016.0,33.0,4.0,10.318,10.386,5.4895,0.0,28.4
1,34.0,11.266,0.42396,18576800.0,25.0,32.0,1.6579,1.0,1.0,1.0,1.0,0.0,1.451,756.65,302.66,453.99,0.0,0.0,0.0,334.65,0.24,1.0,1.0,5.7299,40.448,23.907,0.0,7.75,0.0,8.7902,0.0521102,0.0194886,0.0526605,8.8113,334.65,69.458,9.9725,7.6601,0.0,30.0,390.0,28.4,0.0,4.8168,257.77,75.962,0.0,0.0,3.0,0.01406,0.87858,0.0,0.31582,0.0,3.7899,39456.0,2139.5,2016.0,34.0,4.0,9.9504,11.266,4.8168,0.0,28.4
1,35.0,10.487,0.43848,17218900.0,25.0,31.0,1.6526,1.0,1.0,1.0,1.0,0.0,1.6717,879.17,351.67,527.5,0.0,0.0,0.0,376.25,0.25,1.0,1.0,6.2368,46.178,27.488,0.0,8.9073,0.0,9.7821,0.0515708,0.0192998,0.0521102,9.8033,376.25,64.924,9.8593,18.578,0.0,30.0,420.0,28.4,0.0,3.6125,262.59,87.228,0.0,0.0,3.0,0.0132145,0.78613,0.0,0.31108,0.0,3.7332,39452.0,2139.2,2016.0,35.0,4.0,8.3331,10.487,3.6125,0.0,28.4
1,36.0,16.141,0.45325,17239000.0,26.0,32.0,1.6474,1.0,1.0,1.0,0.9997,0.0,1.9142,1014.9,405.95,608.92,0.0,0.0,0.0,420.6,0.26,1.0,1.0,6.6075,52.414,31.403,0.0,10.188,0.0,10.824,0.051022,0.0191077,0.0515708,10.845,420.6,59.729,9.6932,31.478,0.0,0.0,450.0,28.4,0.0,4.0822,266.2,97.715,0.0,0.0,3.0,0.0123112,0.69132,0.0,0.31184,0.0,3.7424,39449.0,2138.9,2016.0,36.0,4.0,10.631,16.266,4.0822,0.2,28.4
1,37.0,16.127,0.46807,18641700.0,25.0,32.0,1.6419,1.0,1.0,1.0,0.98878,0.0,2.1742,1162.0,464.79,697.19,0.0,0.0,0.0,467.0,0.26,1.0,1.0,7.3477,59.022,35.572,0.0,11.557,0.0,11.893,0.0504718,0.0189151,0.051022,11.914,467.0,53.604,9.4906,8.4553,0.0,30.0,450.0,28.6,0.0,3.6434,270.28,113.86,0.0,0.0,3.0,0.0113318,0.59201,0.0,0.31082,0.0,3.7293,39445.0,2138.6,2016.0,37.0,4.0,10.805,17.296,3.6434,0.0,28.6
1,38.0,16.134,0.48259,18662900.0,23.0,30.0,1.6364,1.0,1.0,1.0,0.63971,0.0,2.4669,1329.0,531.59,797.38,0.0,0.0,0.0,517.81,0.27,1.0,1.0,4.8908,66.37,40.245,0.0,13.078,0.0,13.046,0.0499323,0.0187263,0.0504718,13.067,517.81,49.729,9.3231,15.685,0.0,30.0,480.0,28.6,0.0,5.6504,273.93,129.98,0.0,0.0,3.0,0.0103121,0.5167,0.0,0.29581,0.0,3.5498,39441.0,2138.3,2016.0,38.0,4.0,19.398,35.226,5.6504,0.0,28.6
1,39.0,16.161,0.49661,22331600.0,20.0,30.0,1.6309,1.0,1.0,1.0,0.84008,0.0,2.6564,1444.5,579.27,865.21,0.0,0.0,0.0,554.97,0.28,1.0,1.0,7.4838,71.26,43.202,0.0,14.224,0.0,13.834,0.0494118,0.0185441,0.0499323,13.856,554.97,43.17,9.0625,20.901,0.0,0.0,510.0,28.6,0.0,3.6982,279.58,146.12,0.0,0.0,1.0416,0.00897893,0.39428,0.0,0.27105,0.0,3.2535,39438.0,2138.0,2016.0,39.0,4.0,13.958,24.227,3.6982,0.0,28.6
1,40.0,16.154,0.50949,22356400.0,22.0,32.0,1.6256,1.0,1.0,1.0,0.99423,0.0,2.964,1623.8,651.1,972.69,0.0,0.0,0.0,606.02,0.28,1.0,1.0,8.0,78.744,48.062,0.0,15.731,0.0,14.951,0.0489334,0.0183767,0.0494118,14.972,606.02,35.998,8.7981,0.0,0.0,30.0,510.0,28.6,0.0,2.3403,283.28,162.28,0.0,0.0,1.8755,0.00814414,0.28798,0.0,0.27035,0.0,3.2444,39435.0,2137.7,2016.0,40.0,4.0,10.301,16.921,2.3403,0.0,28.6
1,41.0,12.049,0.52304,18725200.0,24.0,31.0,1.596,1.0,1.0,1.0,1.0,0.0,3.3324,1846.2,741.76,1103.6,0.0,0.84391,0.0,666.98,0.29,1.0,1.0,5.2957,86.744,53.186,0.0,17.433,0.0127364,16.112,0.0484299,0.0182005,0.0481927,16.134,666.98,31.65,8.4049,9.6303,0.0,30.0,540.0,28.6,0.0,1.4723,285.62,178.43,0.0,0.0,3.0,0.00748248,0.38541,0.0,0.27949,60.0,3.3534,39432.0,2137.4,2016.0,41.0,4.0,7.7913,12.049,1.4723,0.0,28.6
1,42.0,14.284,0.53747,20039500.0,24.0,32.0,1.5243,1.0,1.0,1.0,1.0,0.0,3.7076,2078.5,838.94,1236.5,0.0,2.9844,0.0,728.42,0.29,1.0,1.0,8.0,92.04,56.516,0.0,18.632,0.0313562,16.861,0.0478939,0.0180129,0.045705,16.882,728.42,35.108,8.0477,23.109,0.0,0.0,570.0,28.6,0.0,1.4147,287.09,190.48,0.0,0.0,3.0,0.00642815,0.4202,0.0,0.28326,0.0,3.3988,39428.0,2137.2,2016.0,42.0,4.0,9.0314,14.284,1.4147,0.0,28.6
1,43.0,13.648,0.5517,18765000.0,25.0,32.0,1.5054,1.0,1.0,1.0,1.0,0.0,4.0849,2323.8,944.42,1372.7,0.0,6.661,0.0,790.85,0.3,1.0,1.0,8.0,100.04,61.495,0.0,20.509,0.0660705,17.97,0.0473654,0.0178279,0.0447987,17.991,790.85,36.52,7.7621,4.4096,0.0,30.0,570.0,28.6,0.0,1.1127,288.5,204.77,0.0,0.0,3.0,0.00570212,0.43886,0.0,0.28981,0.0,3.4779,39425.0,2136.9,2016.0,43.0,4.0,8.5782,13.648,1.1127,0.0,28.6
1,44.0,12.921,0.56622,17391000.0,26.0,32.0,1.4916,1.0,1.0,1.0,1.0,0.0,4.452,2574.0,1054.9,1507.3,8.18188e-05,11.836,0.0,852.1,0.3,1.0,1.0,8.0,108.04,66.405,3.27275e-07,22.468,0.11099,19.056,0.046826,0.0176391,0.0440553,19.077,852.1,36.302,7.5318,16.649,0.0,30.0,600.0,28.6,0.0,0.87599,289.62,218.41,0.0,0.0,3.0,0.00319834,0.44352,0.0,0.29767,0.0,3.5716,39421.0,2136.6,2016.0,44.0,4.0,8.114,12.921,0.87599,0.0,28.6
1,45.0,13.328,0.58104,17408500.0,26.0,32.0,1.4849,1.0,1.0,1.0,1.0,0.0,4.7977,2823.1,1167.7,1636.9,8.18188e-05,18.433,0.0,910.61,0.3,1.0,1.0,8.0,116.04,71.242,3.27275e-07,24.518,0.16549,20.115,0.0462757,0.0174465,0.0435212,20.136,910.61,34.731,7.3482,29.852,0.0,0.0,630.0,28.6,0.0,0.75163,290.49,231.33,0.0,0.0,3.0,0.00199667,0.42434,0.0,0.30068,0.0,3.6088,39417.0,2136.3,2016.0,45.0,4.0,8.2759,13.328,0.75163,0.0,28.6
1,46.0,13.658,0.59585,17425600.0,25.0,31.0,1.4796,1.0,1.0,1.0,1.0,0.0,5.1369,3081.0,1287.6,1766.6,8.18188e-05,26.795,0.0,968.68,0.3,1.0,1.0,8.0,124.04,76.005,3.27275e-07,26.656,0.2318,21.147,0.0457254,0.0172539,0.0430225,21.168,968.68,31.983,7.1967,12.772,0.0,30.0,630.0,28.6,0.0,0.6456,291.24,244.66,0.0,0.0,3.0,0.00179093,0.37582,0.0,0.29665,0.0,3.56,39414.0,2136.0,2016.0,46.0,4.0,8.4224,13.658,0.6456,0.2,28.6
1,47.0,16.364,0.61063,18839800.0,25.0,32.0,1.4721,1.0,1.0,1.0,0.89002,0.0,5.4814,3356.5,1418.9,1900.2,8.18188e-05,37.357,0.0,1028.0,0.3,1.0,1.0,8.0,132.04,80.689,3.27275e-07,28.887,0.31135,22.152,0.0451767,0.0170618,0.0424629,22.173,1028.0,28.254,7.0545,25.669,0.0,0.0,660.0,28.8,0.0,0.82346,291.89,258.32,0.0,0.0,3.0,0.00159268,0.3119,0.0,0.29358,0.0,3.5237,39410.0,2135.7,2016.0,47.0,4.0,12.762,22.293,0.82346,0.0,28.8
1,48.0,16.364,0.62515,15937300.0,26.0,31.0,1.4779,1.0,1.0,1.0,0.89624,0.0,5.7694,3606.4,1541.0,2016.2,0.75737,48.412,0.0,1079.6,0.3,1.0,1.0,8.0,140.04,85.264,0.00302947,31.25,0.3965,23.126,0.0446373,0.0168731,0.0422894,23.147,1079.6,23.711,6.9938,5.4807,0.0,30.0,660.0,28.8,0.0,0.69277,292.71,274.68,0.0,0.0,3.0,0.00149231,0.24343,0.0,0.29849,0.0,3.5817,39407.0,2135.4,2016.0,48.0,4.0,12.399,22.019,0.69277,0.0,28.8
1,49.0,16.363,0.64026,18874200.0,25.0,32.0,1.491,1.0,1.0,1.0,0.79579,0.0,6.0176,3840.8,1658.3,2119.8,2.6589,60.147,0.0,1125.8,0.3,1.0,1.0,7.1392,148.04,89.72,0.0106355,33.746,0.49436,24.069,0.044076,0.0166766,0.0423259,24.09,1125.8,19.452,6.9923,15.424,0.0,30.0,690.0,28.8,0.0,0.73343,293.41,291.05,0.0,0.0,3.0,0.00147541,0.17662,0.0,0.29707,0.0,3.5659,39403.0,2135.1,2016.0,49.0,4.0,14.862,26.629,0.73343,0.0,28.8
1,50.0,16.363,0.65478,20194900.0,25.0,33.0,1.5015,1.0,1.0,1.0,0.94594,0.0,6.2309,4065.5,1773.6,2213.3,5.8592,72.718,0.0,1168.5,0.3,1.0,1.0,2.5198,155.18,93.555,0.0234369,36.115,0.60218,24.883,0.0435366,0.0164878,0.04227,24.905,1168.5,19.342,6.9908,25.328,0.0,0.0,720.0,28.8,0.0,0.51355,294.14,307.41,0.0,0.0,3.0,0.00145478,0.17158,0.0,0.29508,0.0,3.5409,39400.0,2134.8,2016.0,50.0,4.0,11.577,19.802,0.51355,0.0,28.8
1,51.0,16.362,0.66753,20211800.0,24.0,32.0,1.4653,1.0,1.0,1.0,0.91358,21847100.0,6.4876,4351.1,1923.3,2323.4,14.08,90.404,0.0,1219.5,0.3,1.0,1.0,2.7534,157.7,94.859,0.0416245,36.981,0.65476,25.162,0.0430633,0.0163222,0.0408278,25.184,1219.5,18.601,6.9628,5.4512,0.0,30.0,720.0,28.8,0.0,0.47665,294.65,323.77,0.0,0.0,3.0,0.0010712,0.15796,0.0,0.28958,0.0,3.475,39396.0,2134.5,2016.0,51.0,4.0,12.217,21.253,0.47665,0.0,28.8
1,52.0,16.362,0.68032,18921500.0,25.0,32.0,1.444,1.0,1.0,1.0,0.7636,43695900.0,6.6784,4638.7,2076.8,2423.7,28.517,109.67,0.0,1268.6,0.3,1.0,1.0,2.3569,160.45,96.239,0.0651578,37.982,0.70246,25.464,0.0425882,0.0161559,0.0397079,25.485,1268.6,18.05,6.7905,15.612,0.0,30.0,750.0,28.8,0.0,0.5549,295.13,340.14,0.0,0.0,3.0,0.00104901,0.14833,0.0,0.29025,0.0,3.4826,39393.0,2134.2,2016.0,52.0,4.0,15.646,28.255,0.5549,0.0,28.8
1,53.0,15.994,0.69337,20243500.0,24.0,32.0,1.4426,1.0,1.0,1.0,1.0,60217500.0,6.7619,4856.6,2195.9,2487.2,48.238,125.32,0.0,1305.3,0.3,1.0,1.0,1.5992,162.81,97.355,0.0943569,38.905,0.73302,25.722,0.0421034,0.0159862,0.039143,25.743,1305.3,17.866,6.7518,25.695,0.0,0.0,780.0,28.8,0.0,0.32839,295.68,356.5,0.0,0.0,3.0,0.00102883,0.1441,0.0,0.28684,0.0,3.4426,39389.0,2133.9,2016.0,53.0,4.0,9.654,15.994,0.32839,0.0,28.8
1,54.0,13.04,0.70616,18949900.0,25.0,32.0,1.4182,1.0,1.0,1.0,1.0,84803600.0,6.9284,5184.5,2377.7,2584.1,71.897,150.68,0.0,1356.3,0.3,1.0,1.0,2.0182,164.41,98.073,0.12919,39.549,0.76056,25.896,0.0416283,0.0158199,0.0379519,25.917,1356.3,17.249,6.4962,6.373,0.0,30.0,780.0,28.8,0.0,0.2536,296.01,372.49,0.0,0.0,3.0,0.00100858,0.13532,0.0,0.28934,0.0,3.4726,39386.0,2133.6,2016.0,54.0,4.0,8.1028,13.04,0.2536,0.0,28.8
1,55.0,16.361,0.71922,18963000.0,25.0,32.0,1.4067,1.0,1.0,1.0,0.89966,108251000.0,7.0466,5499.2,2555.5,2664.8,102.23,176.63,0.0,1402.8,0.3,1.0,0.99964,1.325,166.43,98.946,0.17034,40.406,0.7907,26.114,0.0411434,0.0156502,0.037131,26.135,1402.8,16.985,6.4176,20.079,0.0,0.0,810.0,28.8,0.0,0.36794,296.27,385.53,0.0,0.0,3.0,0.000991074,0.13205,0.0,0.29184,0.0,3.5019,39382.0,2133.3,2016.0,55.0,4.0,12.472,21.864,0.36794,0.0,28.8
1,56.0,16.36,0.73227,18975500.0,26.0,33.0,1.403,1.0,1.0,1.0,0.73474,128687000.0,7.1022,5775.2,2714.4,2724.4,135.62,200.83,0.0,1441.6,0.3,1.0,0.99915,0.9509,167.75,99.468,0.21799,41.002,0.80779,26.256,0.0406585,0.0154805,0.0365102,26.277,1441.6,16.875,6.4166,0.35052,0.0,30.0,810.0,28.8,0.0,0.47101,296.63,401.89,0.0,0.0,3.0,0.000975774,0.13185,0.0,0.29971,0.0,3.5965,39379.0,2133.0,2016.0,56.0,4.0,16.416,29.802,0.47101,0.1,28.8
1,57.0,16.36,0.74522,17578700.0,26.0,32.0,1.4132,1.0,1.0,1.0,0.80226,143248000.0,7.0744,5971.9,2830.2,2753.2,169.57,218.98,0.0,1469.3,0.3,1.0,0.9996,0.84552,168.7,99.796,0.27205,41.459,0.81683,26.358,0.0401777,0.0153122,0.0362474,26.379,1469.3,16.765,6.4156,10.619,0.0,30.0,840.0,28.9,0.0,0.42462,297.11,418.25,0.0,0.0,3.0,0.000963711,0.13256,0.0,0.30391,0.0,3.6472,39375.0,2132.7,2016.0,57.0,4.0,14.594,26.309,0.42462,0.0,28.9
1,58.0,16.36,0.75853,18998100.0,25.0,32.0,1.4217,1.0,1.0,1.0,0.8811,159501000.0,7.0504,6193.8,2962.7,2784.0,206.43,240.7,0.0,1497.8,0.3,1.0,0.99982,0.70582,169.55,100.05,0.33202,41.887,0.8261,26.449,0.0395904,0.0151391,0.0359387,26.47,1497.8,16.696,6.4147,20.834,0.0,0.0,870.0,28.9,0.0,0.37862,297.53,434.61,0.0,0.0,3.0,0.000951065,0.13372,0.0,0.29939,0.0,3.5929,39371.0,2132.4,2016.0,58.0,4.0,12.858,22.681,0.37862,0.0,28.9
1,59.0,16.199,0.77159,17598200.0,26.0,32.0,1.4239,1.0,1.0,1.0,1.0,179345000.0,7.0521,6467.1,3122.0,2827.3,242.33,275.48,0.0,1530.3,0.3,1.0,0.99988,0.60037,170.25,100.24,0.39822,42.26,0.83787,26.523,0.0389638,0.0149694,0.0354528,26.544,1530.3,16.635,6.4137,1.096,0.0,30.0,870.0,28.9,0.0,0.28185,297.91,450.97,0.0,0.0,3.0,0.000935962,0.1351,0.0,0.30255,0.0,3.6311,39368.0,2132.1,2016.0,59.0,4.0,9.5796,16.199,0.28185,0.0,28.9
1,60.0,16.359,0.78491,18312200.0,25.5,32.0,1.4256,1.0,1.0,1.0,0.99948,201111000.0,7.0519,6768.9,3290.1,2870.3,282.08,326.5,0.0,1563.9,0.3,1.0,0.99996,0.53147,170.85,100.36,0.47099,42.589,0.85177,26.584,0.0383245,0.0147962,0.0349649,26.605,1563.9,16.579,6.4128,11.615,0.0,30.0,900.0,28.9,0.0,0.28782,298.19,467.17,0.0,0.0,3.0,0.000922456,0.13675,0.0,0.30318,0.0,3.6381,39364.0,2131.8,2016.0,60.0,4.0,9.7818,16.537,0.28782,0.0,28.9
1,61.0,16.359,0.79809,19026100.0,25.0,32.0,1.4288,1.0,1.0,1.0,0.99706,223523000.0,7.0416,7081.7,3455.9,2911.3,321.8,392.71,0.0,1596.5,0.3,1.0,1.0,0.46403,171.39,100.44,0.5506,42.893,0.86706,26.636,0.0376916,0.0146248,0.0345001,26.658,1596.5,16.532,6.4119,21.968,0.0,0.0,930.0,28.9,0.0,0.29498,298.48,483.53,0.0,0.0,3.0,0.000908174,0.13829,0.0,0.29919,0.0,3.5908,39361.0,2131.5,2016.0,61.0,4.0,9.9738,16.87,0.29498,0.0,28.9
1,62.0,15.874,0.81115,17621900.0,25.0,31.0,1.4204,1.0,1.0,1.0,1.0,246465000.0,7.0744,7403.8,3618.2,2948.4,362.71,474.51,0.0,1627.8,0.3,1.0,1.0,0.38946,171.85,100.48,0.63711,43.168,0.88299,26.681,0.037065,0.0144551,0.0340796,26.702,1627.8,16.506,6.411,2.3138,0.0,30.0,930.0,28.9,0.0,0.27296,298.77,499.89,0.0,0.0,3.0,0.000892529,0.13973,0.0,0.29707,0.0,3.5633,39357.0,2131.2,2016.0,62.0,4.0,9.3815,15.874,0.27296,0.0,28.9
1,63.0,14.553,0.82442,19040600.0,25.0,32.0,1.409,1.0,1.0,1.0,1.0,268844000.0,7.1318,7720.1,3769.3,2973.6,409.18,568.03,0.0,1656.4,0.3,1.0032,1.0,0.27016,172.24,100.49,0.73049,43.407,0.89798,26.718,0.0364276,0.0142825,0.0337927,26.739,1656.4,16.558,6.4101,13.166,0.0,30.0,960.0,28.9,0.0,0.25051,299.05,515.77,0.0,0.0,3.0,0.000876811,0.14224,0.0,0.29677,0.0,3.5616,39353.0,2130.9,2016.0,63.0,4.0,8.8609,14.553,0.25051,0.0,28.9
1,64.0,12.908,0.83748,17633700.0,25.0,31.0,1.3989,1.0,1.0,1.0,1.0,291618000.0,7.1801,8044.0,3915.4,2995.0,456.02,677.56,0.0,1683.4,0.3,1.0146,1.0,0.21917,172.51,100.45,0.83091,43.58,0.91009,26.743,0.035801,0.0141128,0.033538,26.764,1683.4,16.628,6.4092,25.363,0.0,0.0,990.0,28.9,0.0,0.21968,299.3,530.32,0.0,0.0,3.0,0.000861726,0.14501,0.0,0.29558,0.0,3.5469,39350.0,2130.6,2016.0,64.0,4.0,7.9604,12.908,0.21968,0.0,28.9
1,65.0,14.464,0.85076,19051600.0,25.0,32.0,1.3939,1.0,1.0,1.0,1.0,313767000.0,7.2013,8361.0,4050.3,3005.1,507.51,798.09,0.0,1707.7,0.3,1.0235,1.0,0.14605,172.73,100.38,0.93915,43.726,0.92095,26.762,0.0351636,0.0139401,0.0334034,26.783,1707.7,16.742,6.4083,9.2348,0.0,30.0,990.0,28.9,0.0,0.24194,299.52,543.23,0.0,0.0,3.0,0.000847181,0.14851,0.0,0.29625,0.0,3.5555,39346.0,2130.3,2016.0,65.0,4.0,8.8603,14.464,0.24194,0.0,28.9
1,66.0,15.425,0.86381,17642300.0,26.0,32.0,1.3899,1.0,1.0,1.0,1.0,336345000.0,7.2154,8686.1,4179.9,3012.2,558.39,935.53,0.0,1730.5,0.3,1.0325,1.0,0.11551,172.87,100.29,1.0548,43.829,0.92935,26.775,0.034537,0.0137704,0.0332932,26.796,1730.5,16.864,6.4075,21.529,0.0,0.0,1020.0,28.9,0.0,0.25082,299.76,557.69,0.0,0.0,3.0,0.000833861,0.15293,0.0,0.3017,0.0,3.6211,39343.0,2130.0,2016.0,66.0,4.0,9.2503,15.425,0.25082,0.0,28.9
1,67.0,16.358,0.87713,17645300.0,26.0,32.0,1.3915,1.0,1.0,1.0,0.99911,357238000.0,7.1994,8988.8,4292.9,3006.8,612.63,1076.4,0.0,1749.7,0.3,1.0377,1.0,0.0534183,172.99,100.18,1.1779,43.914,0.93641,26.785,0.0338978,0.0135973,0.0333166,26.806,1749.7,17.034,6.4067,2.854,0.0,30.0,1020.0,28.9,0.0,0.2686,300.01,573.12,0.0,0.0,3.0,0.000823303,0.15929,0.0,0.30672,0.0,3.6803,39339.0,2129.7,2016.0,67.0,4.0,9.8275,16.604,0.2686,0.0,28.9
1,68.0,14.369,0.89045,20377500.0,25.0,33.0,1.3952,1.0,1.0,1.0,1.0,378046000.0,7.1709,9292.1,4398.1,2996.2,667.18,1230.6,0.0,1767.0,0.3,1.0422,1.0,0.0153592,173.04,100.05,1.3076,43.956,0.94017,26.789,0.0332585,0.0134242,0.0333927,26.81,1767.0,17.227,6.4058,13.227,0.0,30.0,1050.0,28.9,0.0,0.24759,300.28,589.47,0.0,0.0,3.0,0.00081329,0.166,0.0,0.30373,0.0,3.6447,39335.0,2129.4,2016.0,68.0,4.0,8.9305,14.369,0.24759,0.0,28.9
1,69.0,13.276,0.90319,20378900.0,26.0,34.0,1.3902,1.0,1.0,1.0,1.0,400663000.0,7.1507,9623.8,4504.1,2989.0,717.61,1413.1,0.0,1783.7,0.3,1.0501,1.0,0.00790167,173.06,99.914,1.4437,43.969,0.9415,26.79,0.0326469,0.0132585,0.0334273,26.811,1783.7,17.406,6.405,25.611,0.0,0.0,1080.0,28.9,0.0,0.23648,300.53,603.84,0.0,0.0,3.0,0.000801457,0.1723,0.0,0.30641,0.0,3.6767,39332.0,2129.1,2016.0,69.0,4.0,8.4441,13.276,0.23648,0.0,28.9
1,70.0,15.117,0.91573,16111300.0,27.0,32.0,1.3652,1.0,1.0,1.0,1.0,422073000.0,7.1137,9939.7,4597.0,2974.8,768.12,1599.8,0.0,1797.7,0.3,1.0565,1.0,0.19327,173.07,97.601,3.7571,43.976,0.94221,26.791,0.032045,0.0130955,0.0328096,26.812,1797.7,17.387,6.4042,9.0984,0.0,30.0,1080.0,28.9,0.0,0.2567,300.76,617.12,0.0,0.0,3.0,0.000791626,0.17682,0.0,0.31506,0.0,3.7799,39328.0,2128.8,2016.0,70.0,4.0,8.998,15.117,0.2567,0.0,28.9
1,71.0,16.358,0.92929,19062600.0,26.0,33.0,1.3406,1.0,1.0,1.0,0.91884,440647000.0,7.0383,10215.0,4671.5,2944.4,824.9,1774.6,0.0,1808.3,0.3,1.0558,1.0,0.15376,173.26,94.98,6.3779,44.141,0.9587,26.802,0.0313942,0.0129193,0.0322579,26.824,1808.3,17.405,6.4035,20.725,0.0,0.0,1110.0,28.9,0.0,0.36004,301.02,632.24,0.0,0.0,3.0,0.000783873,0.18221,0.0,0.31479,0.0,3.7774,39324.0,2128.5,2016.0,71.0,4.0,12.153,21.015,0.36004,0.0,28.9
1,72.0,16.358,0.94223,17647200.0,27.0,33.0,1.3139,1.0,1.0,1.0,0.98106,459181000.0,6.9706,10492.0,4738.4,2917.3,874.84,1961.4,0.0,1817.2,0.3,1.055,1.0,0.21312,173.41,91.951,9.4073,44.273,0.97306,26.81,0.0307728,0.012751,0.0315186,26.831,1817.2,17.352,6.4027,1.0071,0.0,30.0,1110.0,28.9,0.0,0.32515,301.38,648.59,0.0,0.0,3.0,0.000775037,0.18603,0.0,0.3195,0.0,3.8343,39320.0,2128.2,2016.0,72.0,4.0,10.611,18.026,0.32515,0.0,28.9
1,73.0,14.007,0.95538,16107500.0,27.0,32.0,1.2884,1.0,1.0,1.0,1.0,477769000.0,6.8913,10771.0,4798.8,2885.3,925.43,2161.7,0.0,1824.4,0.3,1.0545,1.0,0.1727,173.63,89.131,12.227,44.456,0.99495,26.818,0.0301416,0.01258,0.0308911,26.839,1824.4,17.335,6.4019,11.324,0.0,30.0,1140.0,28.9,0.0,0.27034,301.7,664.95,0.0,0.0,3.0,0.000767291,0.19156,0.0,0.32285,0.0,3.8746,39316.0,2127.9,2016.0,73.0,4.0,8.4786,14.007,0.27034,0.0,28.9
1,74.0,14.297,0.96894,16104600.0,28.0,33.0,1.2355,1.0,1.0,1.0,1.0,495890000.0,6.799,11045.0,4850.8,2847.9,976.64,2369.7,241.86,1829.9,0.3,1.0531,1.0,0.67518,173.8,84.004,15.196,43.57,4.6349,26.394,0.0294909,0.0124038,0.0294968,26.415,1829.9,16.809,6.4011,24.047,0.0,0.0,1170.0,28.9,0.0,0.2895,301.97,678.96,0.0,0.0,3.0,0.000759727,0.18791,0.0,0.32886,0.0,3.9457,39313.0,2127.5,2016.0,74.0,4.0,8.6704,14.297,0.2895,0.2,28.9
1,75.0,16.074,0.98221,19050800.0,26.0,33.0,1.2082,1.0,1.0,1.0,1.0,512727000.0,6.7014,11301.0,4892.3,2808.2,1025.2,2575.0,480.64,1833.4,0.3,1.0464,1.0,0.28602,174.47,80.966,16.173,43.128,8.2286,25.979,0.0288538,0.0122312,0.0288316,26.001,1833.4,16.679,6.4004,6.6603,0.0,30.0,1170.0,29.1,0.0,0.34087,302.26,693.25,0.0,0.0,3.0,0.000753048,0.19085,0.0,0.32441,0.0,3.8923,39309.0,2127.2,2016.0,75.0,4.0,9.7226,16.074,0.34087,0.0,29.1
1,76.0,15.306,0.99516,19045400.0,26.0,33.0,1.1706,1.0,1.0,1.0,1.0,532613000.0,6.6132,11605.0,4933.6,2772.4,1067.4,2831.5,778.85,1835.8,0.3,1.0486,1.0,0.46568,174.76,77.416,17.144,42.047,12.717,25.437,0.0282323,0.0120629,0.0279236,25.458,1835.8,16.359,6.3996,17.246,0.0,30.0,1200.0,29.1,0.0,0.34235,302.6,709.33,0.0,0.0,3.0,0.000742968,0.18782,0.0,0.31902,0.0,3.8276,39305.0,2126.9,2016.0,76.0,4.0,9.3434,15.306,0.34235,0.0,29.1
1,77.0,14.374,1.0081,16090900.0,27.0,32.0,1.1435,1.0,1.0,1.0,1.0,552202000.0,6.5118,11906.0,4966.6,2731.1,1110.4,3097.9,1088.7,1836.5,0.3,1.0495,1.0,0.54384,175.23,74.461,17.456,41.06,17.38,24.87,0.0279514,0.0119632,0.0272645,24.891,1836.5,15.955,6.3989,28.598,0.0,0.0,1230.0,29.1,0.0,0.33427,302.95,724.63,0.0,0.0,3.0,0.000731692,0.18344,0.0,0.32153,0.0,3.8575,39301.0,2126.6,2016.0,77.0,4.0,8.6719,14.374,0.33427,0.0,29.1
1,78.0,16.093,1.0549,19031700.0,26.0,33.0,1.1128,1.0,1.0,1.0,1.0,552202000.0,6.4057,12146.0,4899.8,2687.7,1153.8,3404.3,1444.9,1836.5,0.3,1.0559,1.0,0.62705,175.77,71.28,17.63,39.899,22.741,24.221,0.0276705,0.0117504,0.0265211,24.242,1836.5,15.474,6.3982,10.889,0.0,30.0,1230.0,29.1,0.0,0.39538,303.28,739.01,0.0,0.0,3.0,0.000722115,0.1776,0.0,0.32069,0.0,3.8475,39297.0,2126.2,2016.0,78.0,4.0,9.7273,16.093,0.39538,0.0,29.1
1,79.0,15.099,1.0996,22737200.0,25.0,35.0,1.0791,1.0,1.0,1.0,1.0,552202000.0,6.2886,12417.0,4835.9,2642.5,1199.0,3739.1,1834.2,1836.5,0.3,1.0648,1.0,0.71437,176.4,67.861,17.81,38.613,28.6,23.513,0.0274024,0.0115473,0.0256805,23.534,1836.5,14.909,6.3975,21.4,0.0,0.0,1260.0,29.1,0.0,0.41183,303.68,755.1,0.0,0.0,3.0,0.000711805,0.16935,0.0,0.31476,0.0,3.7764,39293.0,2125.9,2016.0,79.0,4.0,9.5557,15.099,0.41183,0.0,29.1
1,80.0,14.773,1.1408,19014000.0,26.0,33.0,1.044,1.0,1.0,1.0,1.0,552202000.0,6.1682,12698.0,4772.6,2595.6,1245.9,4083.9,2235.1,1836.5,0.3,1.0743,1.0,0.93492,177.11,64.398,17.998,37.294,34.633,22.789,0.0271553,0.0113601,0.02481,22.81,1836.5,14.125,6.3968,2.89,0.0,30.0,1260.0,29.1,0.0,0.41753,304.09,770.2,0.0,0.0,3.0,0.000700442,0.15765,0.0,0.31598,0.0,3.7923,39290.0,2125.6,2016.0,80.0,4.0,9.122,14.773,0.41753,0.0,29.1
1,81.0,15.82,1.1855,20315700.0,26.0,34.0,1.0116,1.0,1.0,1.0,1.0,552202000.0,6.0452,12965.0,4708.9,2547.3,1294.2,4415.0,2620.1,1836.5,0.3,1.0815,0.99846,0.53613,178.05,61.154,18.191,36.163,40.428,22.112,0.0268871,0.0111569,0.0240075,22.133,1836.5,13.751,6.396,14.7,0.0,30.0,1290.0,29.1,0.0,0.47559,304.51,784.97,0.0,0.0,3.0,0.000690581,0.15338,0.0,0.31845,0.0,3.8216,39286.0,2125.3,2016.0,81.0,4.0,9.7709,15.82,0.47559,0.0,29.1
1,82.0,16.358,1.2288,17583500.0,27.0,33.0,0.97781,1.0,1.0,1.0,0.99964,552202000.0,5.9184,13232.0,4644.7,2497.4,1344.1,4745.4,3004.4,1836.5,0.3,1.0907,0.99202,0.30578,178.58,57.871,18.391,34.704,46.211,21.406,0.0266274,0.0109601,0.0231723,21.427,1836.5,13.613,6.3954,25.404,0.0,0.0,1320.0,29.1,0.0,0.5139,304.98,800.79,0.0,0.0,3.0,0.000681988,0.15367,0.0,0.3232,0.0,3.8793,39282.0,2125.0,2016.0,82.0,4.0,9.9093,16.5,0.5139,0.1,29.1
1,83.0,16.358,1.2742,17572200.0,27.0,33.0,0.9471,1.0,1.0,1.0,0.99084,552202000.0,5.7889,13474.0,4584.8,2446.2,1395.3,5047.9,3356.1,1836.5,0.3,1.0991,0.98239,0.30963,178.89,54.827,18.596,33.22,51.504,20.742,0.026355,0.0107538,0.0224132,20.763,1836.5,13.476,6.3947,5.6328,0.0,30.0,1320.0,29.2,0.0,0.57254,305.5,817.15,0.0,0.0,3.0,0.000675184,0.15457,0.0,0.32784,0.0,3.9342,39278.0,2124.6,2016.0,83.0,4.0,10.348,17.399,0.57254,0.4,29.2
1,84.0,16.358,1.3196,17559900.0,27.0,33.0,0.91748,1.0,1.0,1.0,0.97624,552202000.0,5.6561,13712.0,4530.8,2393.6,1447.9,5339.8,3695.5,1836.5,0.3,1.1067,0.97024,0.31335,179.2,51.894,18.806,31.782,56.612,20.105,0.0260826,0.0105474,0.0216805,20.126,1836.5,13.338,6.394,16.103,0.0,30.0,1350.0,29.6,0.0,0.63776,306.07,833.51,0.0,0.0,3.0,0.000668999,0.15593,0.0,0.32949,0.0,3.9544,39274.0,2124.3,2016.0,84.0,4.0,10.786,18.298,0.63776,0.0,29.6
1,85.0,16.358,1.365,18952700.0,26.0,33.0,0.88894,1.0,1.0,1.0,0.9012,552202000.0,5.5208,13944.0,4482.2,2339.7,1501.8,5620.5,4021.9,1836.5,0.3,1.1135,0.95595,0.31427,179.51,49.076,19.021,30.394,61.525,19.494,0.0258102,0.0103411,0.0209752,19.516,1836.5,13.199,6.3933,26.107,0.0,0.0,1380.0,29.6,0.0,0.7992,306.71,849.87,0.0,0.0,3.0,0.000662182,0.15701,0.0,0.32512,0.0,3.9016,39270.0,2124.0,2016.0,85.0,4.0,12.632,21.792,0.7992,0.0,29.6
1,86.0,16.358,1.4097,17532800.0,27.0,33.0,0.8622,1.0,1.0,1.0,0.84458,552202000.0,5.3832,14166.0,4438.5,2284.8,1556.7,5885.8,4330.4,1836.5,0.3,1.1192,0.94065,0.30959,179.83,46.414,19.241,29.082,66.167,18.921,0.0255421,0.0101379,0.0203144,18.942,1836.5,13.059,6.3927,5.9506,0.0,0.0,1380.0,29.6,0.0,0.93616,307.51,866.22,0.0,0.0,0.0,0.000654014,0.15758,0.0,0.32786,0.0,3.9343,39266.0,2123.7,2016.0,86.0,4.0,13.813,24.315,0.93616,0.0,29.6
1,87.0,10.991,1.4551,17517900.0,27.0,33.0,0.84163,0.82569,1.0,1.0,0.52805,552202000.0,5.2441,14352.0,4399.3,2229.0,1612.5,6111.2,4592.5,1836.7,0.3,1.1216,0.92929,0.312,180.14,44.136,19.464,27.984,70.111,18.44,0.0252697,0.00993158,0.0198011,18.461,1836.7,12.919,6.392,0.0,0.0,0.0,1380.0,29.6,0.0,1.2204,308.44,882.58,0.0,0.0,1.8755,0.000647108,0.16703,0.0,0.81907,0.0,9.8291,39256.0,2122.8,2016.0,87.0,4.0,16.798,30.304,1.2204,0.0,29.6
1,88.0,7.5875,1.5004,17502200.0,27.0,33.0,0.8425,0.59193,0.94237,1.0,0.36503,552202000.0,5.1037,14428.0,4370.2,2172.5,1669.0,6216.3,4714.7,1843.4,0.3,1.1131,0.93857,0.79424,180.45,42.999,19.69,27.573,71.951,18.235,0.0249973,0.00972523,0.0197923,18.256,1843.4,12.778,6.3914,0.0,0.0,0.0,1380.0,29.6,0.0,0.33948,309.66,893.57,0.0,0.0,1.8755,0.000649529,0.16673,0.0,0.85516,0.0,10.262,39246.0,2122.0,2016.0,88.0,4.0,17.527,31.809,1.366,0.0,29.6
1,89.0,5.5081,1.5458,18886700.0,26.0,33.0,0.85716,0.48861,0.8757,1.0,0.38284,552202000.0,4.9638,14449.0,4346.4,2116.1,1725.4,6261.3,4767.0,1853.1,0.3,1.0962,0.95858,0.83073,181.24,42.548,19.916,27.816,72.738,18.224,0.0247249,0.00951888,0.020107,18.245,1853.1,12.636,6.3907,0.0,0.0,0.0,1380.0,29.6,0.0,0.20269,310.0,901.16,0.0,0.0,1.8755,0.000480769,0.1628,0.0,0.76963,0.0,9.2365,39237.0,2121.2,2016.0,89.0,4.0,12.716,21.908,1.0629,0.0,29.6
1,90.0,4.1686,1.5905,18867900.0,26.0,33.0,0.87045,0.41769,0.83218,1.0,0.34293,552202000.0,4.8256,14484.0,4326.4,2060.2,1781.3,6316.0,4830.6,1863.5,0.3,1.0806,0.97404,0.74232,182.07,42.004,20.14,28.034,73.695,18.2,0.0244568,0.00931573,0.0203886,18.221,1863.5,12.37,6.522,0.0,0.0,0.0,1380.0,29.6,0.0,0.16027,310.2,906.67,0.0,0.0,1.8755,0.000285299,0.15735,0.0,0.71771,0.0,8.6121,39228.0,2120.5,2016.0,90.0,4.0,11.13,18.715,0.99686,0.0,29.6
1,91.0,3.2313,1.6352,17450000.0,26.0,32.0,0.88623,0.36429,0.74568,1.0,0.35124,552202000.0,4.6892,14507.0,4308.6,2004.9,1836.6,6356.9,4878.2,1873.7,0.3,1.0649,0.98715,0.68636,182.81,41.557,20.361,28.286,74.411,18.2,0.0241886,0.00911257,0.0207278,18.221,1873.7,11.988,6.7781,0.0,0.0,0.0,1380.0,29.6,0.0,0.21879,310.36,910.84,0.0,0.0,1.8755,0.000154408,0.15014,0.0,0.68123,0.0,8.1748,39220.0,2119.8,2016.0,91.0,4.0,8.7467,14.132,0.83869,0.1,29.6
1,92.0,2.5564,1.6812,18827700.0,26.0,33.0,0.90273,0.3226,0.67719,1.0,0.25955,552202000.0,4.5489,14534.0,4293.1,1947.7,1893.8,6399.0,4927.1,1883.7,0.3,1.05,0.99606,0.64799,183.5,41.064,20.589,28.504,75.148,18.195,0.0239127,0.00890359,0.021083,18.216,1883.7,11.567,7.0824,0.0,0.0,0.0,1380.0,29.7,0.0,0.987,310.58,914.07,0.0,0.0,1.8755,0.000118311,0.14246,0.0,0.65522,0.0,7.8626,39212.0,2119.2,2016.0,92.0,4.0,9.5961,15.495,0.987,1.8,29.7
1,93.0,2.0289,1.7259,18806300.0,26.0,33.0,0.92579,0.30225,0.63608,1.0,0.18688,552202000.0,4.4035,14534.0,4276.9,1888.3,1953.2,6415.8,4946.7,1890.9,0.3,1.0326,1.0,0.44516,184.15,40.767,20.827,28.867,75.442,18.246,0.0236446,0.00870043,0.0215891,18.267,1890.9,11.32,7.397,0.0,0.0,0.0,1380.0,31.5,0.0,0.43691,311.57,916.62,0.0,0.0,1.8755,8.26568e-05,0.13781,0.0,0.6534,0.0,7.8413,39204.0,2118.5,2016.0,93.0,4.0,10.511,17.381,1.1626,0.3,31.5
1,94.0,1.7206,1.7706,17390700.0,27.0,33.0,0.95278,0.27399,0.55413,1.0,0.19622,552202000.0,4.2549,14519.0,4258.8,1827.3,2014.2,6418.7,4950.0,1892.8,0.3,1.0153,1.0,0.0111887,184.59,40.54,21.071,29.186,75.493,18.303,0.0233764,0.00849728,0.0221861,18.324,1892.8,11.509,7.7124,0.0,0.0,0.0,1380.0,31.8,0.0,0.11443,312.01,918.65,0.0,0.0,1.8755,4.65224e-05,0.13956,0.0,0.64445,0.0,7.7333,39197.0,2117.9,2016.0,94.0,4.0,8.763,14.008,1.044,0.0,31.8
1,95.0,1.4675,1.816,17369400.0,27.0,33.0,0.98132,0.24985,0.48414,1.0,0.1604,552202000.0,4.1041,14504.0,4242.0,1765.1,2076.4,6420.7,4952.3,1894.1,0.3,1.0008,1.0,0.0,184.61,40.274,21.32,29.183,75.528,18.3,0.023104,0.00829093,0.0228172,18.322,1894.1,11.682,8.0447,0.0,0.0,0.0,1380.0,31.8,0.0,0.12092,312.12,920.37,0.0,0.0,1.8755,2.29729e-05,0.1428,0.0,0.63441,0.0,7.6139,39189.0,2117.2,2016.0,95.0,4.0,9.1428,14.736,1.1746,0.0,31.8
1,96.0,1.2603,1.8614,17347300.0,27.0,33.0,0.99514,0.2287,0.42286,1.0,0.13513,552202000.0,3.9511,14484.0,4224.7,1701.8,2139.7,6417.8,4949.0,1891.8,0.3,1.0,1.0,0.0566487,184.61,39.319,22.275,29.183,75.528,18.3,0.0228316,0.00808457,0.023104,18.322,1891.8,11.773,8.3885,0.0,0.0,0.0,1380.0,31.8,0.0,0.12606,312.24,921.84,0.0,0.0,1.8755,1.96088e-05,0.14617,0.0,0.6224,0.0,7.4686,39181.0,2116.6,2016.0,96.0,4.0,9.3357,15.108,1.2947,0.0,31.8
1,97.0,1.0902,1.9068,17324500.0,27.0,33.0,0.98488,0.21004,0.36874,1.0,0.11178,552202000.0,3.795,14461.0,4207.2,1637.1,2204.5,6412.3,4942.6,1886.8,0.3,1.0,1.0,0.056222,184.66,37.377,24.217,29.232,75.528,18.309,0.0225593,0.00787822,0.0228316,18.33,1886.8,11.845,8.737,0.0,0.0,0.0,1380.0,31.8,0.0,1.4574,312.37,923.1,0.0,0.0,1.8755,1.63281e-05,0.14918,0.0,0.6116,0.0,7.3387,39174.0,2116.0,2016.0,97.0,4.0,9.7201,15.88,1.4574,2.4,31.8
1,98.0,0.9617,1.9522,18687300.0,27.0,34.0,0.97459,0.20954,0.36729,1.0,0.0955145,552202000.0,3.6365,14436.0,4189.7,1571.0,2270.5,6404.8,4933.9,1878.9,0.3,1.0,1.0,0.18103,184.72,35.441,26.153,29.28,75.528,18.316,0.0222869,0.00767187,0.0225593,18.337,1878.9,11.774,9.0888,0.0,0.0,0.0,1380.0,34.2,0.0,0.1459,313.83,924.19,0.0,0.0,1.8755,1.30247e-05,0.15057,0.0,0.62601,0.0,7.5115,39167.0,2115.4,2016.0,98.0,4.0,10.159,16.452,1.6489,0.0,34.2
1,99.0,0.84787,1.9959,17276900.0,27.0,33.0,0.96426,0.19403,0.32234,1.0,0.0928927,552202000.0,3.4763,14410.0,4172.3,1504.1,2337.4,6396.2,4923.8,1868.9,0.3,1.0,1.0,0.16506,184.9,33.521,28.073,29.439,75.528,18.339,0.0220246,0.00747317,0.0222869,18.36,1868.9,11.73,9.444,0.0,0.0,0.0,1380.0,34.2,0.0,0.83918,313.97,925.15,0.0,0.0,1.8755,9.69523e-06,0.15206,0.0,0.6132,0.0,7.3585,39159.0,2114.8,2016.0,99.0,4.0,9.3262,14.922,1.6399,0.7,34.2
1,100.0,0.75789,2.0413,17252100.0,27.0,33.0,0.95429,0.18018,0.28217,1.0,0.0732909,552202000.0,3.3158,14386.0,4156.6,1436.7,2404.8,6388.1,4914.5,1859.5,0.3,1.0,1.0,0.13291,185.06,31.643,29.951,29.585,75.528,18.358,0.0214218,0.00726682,0.0220246,18.379,1859.5,11.704,9.7979,0.0,0.0,0.0,1380.0,34.9,0.0,0.26101,314.81,926.0,0.0,0.0,1.8755,6.33853e-06,0.15343,0.0,0.60266,0.0,7.2326,39152.0,2114.2,2016.0,100.0,4.0,10.348,16.977,1.9716,0.1,34.9
2,1.0,0.0,0.0,17969300.0,24.0,31.0,0.5,1.0,1.0,1.0,1.0,0.0,0.0165,0.02,0.0,0.0,0.0,0.0,0.0,0.0,0.0001,1.0,1.0,0.0,0.0,0.0,0.0,0.0,0.0,0.0,0.053,0.025,0.025,0.0,0.0,19.01,6.4898,10.0,0.0,0.0,0.0,0.0,0.0,10.843,0.0,0.0,0.0,0.0,0.0,0.0258918,0.0863005,0.0,0.22464,0.0,2.6958,39622.0,2153.3,2016.0,1.0,1.0,10.843,0.0,10.843,0.0,0.0
2,2.0,0.12502,0.0124959,16646200.0,25.0,31.0,0.5,1.0,1.0,1.0,1.0,0.0,0.0191716,0.79855,0.31942,0.47913,0.0,0.0,0.0,0.79855,0.1,1.0,1.0,0.0945322,0.0,0.0,0.0,0.0,0.0,0.0,0.053,0.0248376,0.025,0.0211615,0.79855,19.085,6.433,0.0,0.0,0.0,0.0,0.0,0.0,7.9754,10.843,0.0,0.0,0.0,1.8755,0.0262038,0.11967,0.0,0.33949,0.0,4.0746,39618.0,2153.0,2016.0,2.0,4.0,8.0523,0.12502,7.9754,0.0,0.0
2,3.0,0.12618,0.0252879,13600200.0,27.0,31.0,1.1778,0.56412,1.0,1.0,1.0,0.0,0.0223493,1.7176,0.68702,1.0305,0.0,0.0,0.0,1.6912,0.1,1.0,1.0,0.0877685,0.0945322,0.0546183,0.0,0.0162578,0.0,0.0236561,0.053,0.0246713,0.053,0.0448177,1.6912,19.202,6.4218,0.0,0.0,0.0,0.0,0.0,0.0,2.7159,18.818,0.12502,0.0,0.0,1.8755,0.00668132,0.14338,0.0,0.7263,0.0,8.7155,39609.0,2152.2,2016.0,3.0,4.0,6.9819,0.12618,6.9043,1.0,0.0
2,4.0,0.14072,0.0386646,15215700.0,25.0,30.0,1.1778,0.494,1.0,1.0,1.0,0.0,0.0245345,3.0325,1.213,1.8195,0.0,0.0,0.0,2.931,0.1,1.0,1.0,0.10452,0.1823,0.096433,0.0,0.0293567,0.0,0.056511,0.053,0.0244974,0.053,0.0776725,2.931,19.369,6.726,0.0,0.0,0.0,0.0,1.0,0.0,3.4452,21.534,0.25119,0.0,0.0,1.8755,0.0035651,0.15128,0.0,0.75953,0.0,9.1147,39600.0,2151.5,2016.0,4.0,4.0,7.1408,0.14072,7.0538,2.1,1.0
2,5.0,0.13474,0.0514566,15226500.0,26.0,31.0,1.1778,0.43735,1.0,1.0,1.0,0.0,0.0265434,4.6097,1.8439,2.7658,0.0,0.0,0.0,4.3726,0.1,1.0,1.0,0.11119,0.28682,0.14659,0.0,0.0455194,0.0,0.0947115,0.053,0.0243311,0.053,0.11587,4.3726,19.503,7.0854,0.0,0.0,0.0,0.0,3.1,0.0,3.8358,24.979,0.39191,0.0,0.0,1.8755,0.000884848,0.15276,0.0,0.80633,0.0,9.6753,39590.0,2150.7,2016.0,5.0,4.0,6.5288,0.13474,6.4427,2.8,3.1
2,6.0,0.17963,0.064541,15237800.0,26.0,31.0,1.1778,0.39214,0.89665,1.0,1.0,0.0,0.0285116,6.3005,2.5202,3.7803,0.0,0.0,0.0,5.8724,0.1,1.0,1.0,0.11282,0.39801,0.20036,0.0,0.0632007,0.0,0.13446,0.053,0.024161,0.053,0.15562,5.8724,19.612,7.5164,0.0,0.0,0.0,0.0,5.9,0.0,1.182,28.815,0.52665,0.0,0.0,1.8755,0.000647964,0.15638,0.0,0.80083,0.0,9.6103,39581.0,2149.9,2016.0,6.0,4.0,7.7488,0.17963,7.6391,0.1,5.9
2,7.0,0.24405,0.0776254,16705200.0,25.0,31.0,1.1778,0.34247,0.75267,1.0,1.0,0.0,0.0304071,8.0321,3.2128,4.8193,0.0,0.0,0.0,7.3623,0.1,1.0,1.0,0.11584,0.51083,0.25542,0.0,0.0814693,0.0,0.17394,0.053,0.0239909,0.053,0.1951,7.3623,19.668,7.9882,0.0,0.0,0.0,0.0,6.0,0.0,1.2036,29.997,0.70629,0.0,0.0,1.8755,0.000382336,0.15605,0.0,0.77964,0.0,9.3549,39571.0,2149.1,2016.0,7.0,4.0,9.5434,0.24405,9.3994,0.0,6.0
2,8.0,0.27119,0.0904174,15262000.0,26.0,31.0,1.1778,0.28393,0.58297,1.0,1.0,0.0,0.0321331,9.83,3.932,5.898,0.0,0.0,0.0,8.8625,0.1,1.0,1.0,0.10488,0.62667,0.31259,0.0,0.10039,0.0,0.21369,0.053,0.0238246,0.053,0.23486,8.8625,19.687,8.4882,0.0,0.0,30.0,0.0,6.0,0.0,9.7204,31.201,0.95033,0.0,0.0,1.8755,0.000131264,0.3376,0.0,0.76388,60.0,9.165,39562.0,2148.3,2016.0,8.0,4.0,9.8778,0.27119,9.7204,0.2,6.0
2,9.0,0.29675,0.1035,15274900.0,26.0,31.0,1.1778,0.71915,1.0,1.0,1.0,0.0,0.03368,11.467,4.5868,6.8802,0.0,0.0,0.0,10.188,0.1,1.0,1.0,0.13865,0.73155,0.36465,0.0,0.11808,0.0,0.24882,0.053,0.0236545,0.053,0.26998,10.188,32.925,9.5412,0.0,0.0,30.0,30.0,6.2,0.0,10.143,40.921,1.2215,0.0,0.0,1.8755,0.00489482,0.51309,0.0,0.90989,0.0,10.919,39551.0,2147.4,2016.0,9.0,4.0,10.315,0.29675,10.143,0.0,6.2
2,10.0,0.29305,0.11659,16747400.0,25.0,31.0,1.1778,1.0,1.0,1.0,1.0,0.0,0.0377863,13.68,5.472,8.2079,0.0,0.0,0.0,11.925,0.1,1.0,1.0,0.16397,0.8702,0.43502,0.0,0.14032,0.0,0.29486,0.053,0.0234844,0.053,0.31603,11.925,43.856,11.517,8.6137,0.0,30.0,60.0,6.2,0.0,9.3995,51.064,1.5183,0.0,0.0,3.0,0.0443303,0.56132,0.0,0.30954,0.0,3.7152,39548.0,2147.1,2016.0,10.0,4.0,9.5788,0.29305,9.3995,0.0,6.2
2,11.0,0.19264,0.12938,15302100.0,25.0,30.0,1.1778,1.0,1.0,1.0,1.0,0.0,0.0440494,16.315,6.5259,9.7888,0.0,0.0,0.0,13.931,0.1,1.0,1.0,0.18626,1.0342,0.51881,0.0,0.16735,0.0,0.34802,0.053,0.0233181,0.053,0.36918,13.931,49.815,11.457,25.921,0.0,0.0,90.0,6.2,0.0,5.929,60.464,1.8113,0.0,0.0,3.0,0.0381034,0.59554,0.0,0.30499,0.0,3.6601,39544.0,2146.8,2016.0,11.0,4.0,6.061,0.19264,5.929,0.0,6.2
2,12.0,0.35644,0.14217,15316300.0,26.0,31.0,1.1778,1.0,1.0,1.0,1.0,0.0,0.0513506,19.333,7.7334,11.6,0.0,0.0,0.0,16.16,0.1,1.0,1.0,0.21325,1.2204,0.6148,0.0,0.19854,0.0,0.40709,0.053,0.0231518,0.053,0.42825,16.16,54.426,11.405,16.8,0.0,30.0,90.0,6.2,0.0,8.4294,66.393,2.004,0.0,0.0,3.0,0.036665,0.64351,0.0,0.30796,0.0,3.6955,39540.0,2146.5,2016.0,12.0,4.0,8.6486,0.35644,8.4294,0.0,6.2
2,13.0,0.50551,0.15525,15331000.0,26.0,31.0,1.1778,1.0,1.0,1.0,1.0,0.0,0.0600565,22.824,9.1296,13.694,0.0,0.0,0.0,18.661,0.1,1.0,1.0,0.24984,1.4337,0.7258,0.0,0.23453,0.0,0.47334,0.053,0.0229817,0.053,0.4945,18.661,58.024,11.355,35.014,0.0,0.0,120.0,6.2,0.0,9.8624,74.822,2.3604,0.0,0.0,3.0,0.0353893,0.6966,0.0,0.31019,0.0,3.722,39537.0,2146.2,2016.0,13.0,4.0,10.163,0.50551,9.8624,0.1,6.2
2,14.0,0.70817,0.16834,16810800.0,26.0,32.0,1.1778,1.0,1.0,1.0,1.0,0.0,0.0702384,26.956,10.782,16.174,0.0,0.0,0.0,21.529,0.1,1.0,1.0,0.30132,1.6835,0.8572,0.0,0.27697,0.0,0.54935,0.053,0.0228116,0.053,0.57051,21.529,60.732,11.306,21.746,0.0,0.0,120.0,6.3,0.0,11.557,84.684,2.8659,0.0,0.0,3.0,0.0342252,0.73599,0.0,0.31486,0.0,3.7776,39533.0,2145.9,2016.0,14.0,4.0,11.97,0.70817,11.557,0.0,6.3
2,15.0,0.69846,0.18117,16827800.0,26.0,32.0,1.1934,1.0,1.0,1.0,1.0,0.0,0.0819136,31.991,12.796,19.195,0.0,0.0,0.0,24.915,0.11,1.0,1.0,0.35396,1.9848,1.0173,0.0,0.32843,0.0,0.6391,0.053,0.0226448,0.053,0.66026,24.915,62.735,11.255,6.4806,0.0,30.0,120.0,6.3,0.0,10.012,96.241,3.5741,0.0,0.0,3.0,0.0332573,0.7841,0.0,0.32102,0.0,3.8515,39529.0,2145.6,2016.0,15.0,4.0,10.43,0.69846,10.012,0.0,6.3
2,16.0,0.54731,0.194,16845200.0,26.0,32.0,1.2182,1.0,1.0,1.0,1.0,0.0,0.0955296,37.955,15.182,22.773,0.0,0.0,0.0,28.804,0.11,1.0,1.0,0.41644,2.3388,1.207,0.0,0.38968,0.0,0.74214,0.053,0.0224781,0.053,0.7633,28.804,64.126,11.203,22.77,0.0,0.0,150.0,6.3,0.0,7.3019,106.25,4.2725,0.0,0.0,3.0,0.0320511,0.81625,0.0,0.32254,0.0,3.871,39525.0,2145.2,2016.0,16.0,4.0,7.6592,0.54731,7.3019,1.5,6.3
2,17.0,0.62364,0.20682,16863000.0,26.0,32.0,1.2441,1.0,1.0,1.0,1.0,0.0,0.11141,45.036,18.014,27.022,0.0,0.0,0.0,33.278,0.12,1.0,1.0,0.48985,2.7552,1.4321,0.0,0.46237,0.0,0.86071,0.053,0.0223113,0.053,0.88188,33.278,64.976,11.148,13.421,0.0,30.0,150.0,7.8,0.0,7.1169,113.56,4.8199,0.0,0.0,3.0,0.0308077,0.83105,0.0,0.32407,0.0,3.8893,39521.0,2144.9,2016.0,17.0,4.0,7.5246,0.62364,7.1169,0.0,7.8
2,18.0,0.74647,0.21965,16881100.0,26.0,32.0,1.2711,1.0,1.0,1.0,1.0,0.0,0.12993,53.44,21.376,32.064,0.0,0.0,0.0,38.423,0.13,1.0,1.0,0.57601,3.2451,1.6994,0.0,0.54864,0.0,0.99706,0.053,0.0221445,0.053,1.0182,38.423,65.381,11.089,32.68,0.0,0.0,180.0,7.8,0.0,7.1871,120.67,5.4435,0.0,0.0,3.0,0.0295127,0.8378,0.0,0.32372,0.0,3.8845,39517.0,2144.6,2016.0,18.0,4.0,7.6695,0.74647,7.1871,3.7,7.8
2,19.0,1.29,0.23248,16899500.0,26.0,32.0,1.2994,1.0,1.0,1.0,1.0,0.0,0.15152,63.408,25.363,38.045,0.0,0.0,0.0,44.336,0.14,1.0,1.0,0.67704,3.8211,2.0164,0.0,0.65099,0.0,1.1537,0.053,0.0219777,0.053,1.1749,44.336,65.392,11.029,25.447,0.0,0.0,180.0,11.5,0.0,9.693,127.86,6.19,0.0,0.0,3.0,0.028264,0.83215,0.0,0.32411,0.0,3.8885,39513.0,2144.3,2016.0,19.0,4.0,10.456,1.29,9.693,0.2,11.5
2,20.0,1.7125,0.24531,16918300.0,26.0,32.0,1.3289,1.0,1.0,1.0,1.0,0.0,0.17671,75.226,30.09,45.135,0.0,0.0,0.0,51.124,0.15,1.0,1.0,0.79539,4.4981,2.3922,0.0,0.77234,0.0,1.3336,0.053,0.021811,0.053,1.3548,51.124,65.067,10.965,11.664,0.0,30.0,180.0,11.7,0.0,10.63,137.55,7.48,0.0,0.0,3.0,0.0271009,0.82818,0.0,0.32622,0.0,3.9147,39509.0,2143.9,2016.0,20.0,4.0,11.611,1.7125,10.63,0.0,11.7
2,21.0,1.95,0.25814,18294400.0,26.0,33.0,1.3597,1.0,1.0,1.0,1.0,0.0,0.20608,89.227,35.691,53.536,0.0,0.0,0.0,58.91,0.15,1.0,1.0,0.9491,5.2935,2.8374,0.0,0.91613,0.0,1.54,0.053,0.0216442,0.053,1.5611,58.91,64.418,10.897,26.322,0.0,0.0,210.0,11.7,0.0,10.422,148.18,9.1925,0.0,0.0,3.0,0.0259944,0.82451,0.0,0.32916,0.0,3.9504,39506.0,2143.6,2016.0,21.0,4.0,11.553,1.95,10.422,0.0,11.7
2,22.0,1.8207,0.27061,19579900.0,25.0,33.0,1.3921,1.0,1.0,1.0,1.0,0.0,0.23939,106.08,42.433,63.65,0.0,0.0,0.0,67.984,0.16,1.0,1.0,1.1392,6.2426,3.3735,0.0,1.0888,0.0,1.7804,0.053,0.0214821,0.053,1.8016,67.984,63.449,10.82,10.95,0.0,0.0,210.0,11.7,0.0,8.6833,158.6,11.142,0.0,0.0,0.44564,0.0248229,0.81372,0.0,0.33034,0.0,3.9636,39502.0,2143.3,2016.0,22.0,4.0,9.7874,1.8207,8.6833,0.0,11.7
2,23.0,2.0534,0.28288,16976200.0,26.0,32.0,1.425,1.0,1.0,1.0,1.0,0.0,0.27746,126.48,50.593,75.889,0.0,0.0,0.0,78.618,0.17,1.0,1.0,1.2722,7.3818,4.0221,0.0,1.2975,0.0,2.0622,0.053,0.0213225,0.053,2.0834,78.618,62.237,10.747,0.0,0.0,0.0,210.0,11.7,0.0,8.0048,167.29,12.963,0.0,0.0,1.8755,0.0237357,0.79741,0.0,0.33164,0.0,3.9795,39498.0,2142.9,2016.0,23.0,4.0,9.196,2.0534,8.0048,0.2,11.7
2,24.0,3.7302,0.29571,15515100.0,27.0,32.0,1.459,0.68547,1.0,1.0,1.0,0.0,0.32358,149.39,59.754,89.631,0.0,0.0,0.0,90.183,0.17,1.0,1.0,1.4096,8.6541,4.7504,0.0,1.5349,0.0,2.3687,0.053,0.0211557,0.053,2.3898,90.183,60.831,10.651,0.0,0.0,0.0,210.0,11.9,0.0,11.163,175.29,15.017,0.0,0.0,1.8755,0.0144102,0.75938,0.0,0.7763,0.0,9.3158,39488.0,2142.2,2016.0,24.0,4.0,13.123,3.7302,11.163,12.9,11.9
2,25.0,5.1199,0.30877,17015900.0,24.0,30.0,1.4963,0.6006,1.0,1.0,1.0,0.0,0.36111,174.96,69.984,104.98,0.0,0.0,0.0,102.67,0.18,1.0,1.0,1.7374,10.064,5.5637,0.0,1.8004,0.0,2.6996,0.053,0.020986,0.053,2.7208,102.67,58.457,11.748,0.0,0.0,30.0,210.0,24.8,0.0,13.081,186.45,18.747,0.0,0.0,1.8755,0.00662129,0.68104,0.0,0.85306,0.0,10.237,39478.0,2141.3,2016.0,25.0,4.0,15.67,5.1199,13.081,0.0,24.8
2,26.0,4.1045,0.32124,17036000.0,23.0,29.0,1.5363,0.85218,1.0,1.0,1.0,0.0,0.39614,206.85,82.741,124.11,0.0,0.0,0.0,117.71,0.19,1.0,1.0,1.9597,11.801,6.5779,0.0,2.125,0.0,3.0982,0.053,0.0208239,0.053,3.1193,117.71,55.719,13.008,0.0,0.0,0.0,240.0,24.8,0.0,1.5645,199.54,23.867,0.0,0.0,1.8755,0.0211251,0.86277,0.0,0.72748,60.0,8.7293,39469.0,2140.6,2016.0,26.0,4.0,11.863,4.1045,9.7312,0.0,24.8
2,27.0,4.6581,0.33304,18422800.0,24.0,31.0,1.5765,0.65769,1.0,1.0,1.0,0.0,0.44779,242.98,97.193,145.79,0.0,0.0,0.0,134.19,0.19,1.0,1.0,2.2131,13.761,7.7269,0.0,2.499,0.0,3.5349,0.053,0.0206704,0.053,3.5561,134.19,68.254,14.224,0.0,0.0,0.0,240.0,24.8,0.0,4.9729,201.1,27.971,0.0,0.0,1.8755,0.0115269,0.87922,0.0,0.80944,0.0,9.7141,39460.0,2139.8,2016.0,27.0,4.0,12.125,4.6581,9.6929,3.6,24.8
2,28.0,3.9461,0.34554,15588600.0,26.0,31.0,1.6084,0.53955,0.99093,1.0,1.0,0.0,0.49548,284.08,113.63,170.45,0.0,0.0,0.0,152.34,0.2,1.0,1.0,2.2215,15.974,9.0338,0.0,2.9241,0.0,4.0159,0.053,0.020508,0.053,4.0371,152.34,76.274,15.912,0.0,0.0,30.0,240.0,28.4,0.0,7.4822,206.07,32.629,0.0,0.0,1.8755,0.00479666,0.93753,0.0,0.8148,0.0,9.7779,39450.0,2139.0,2016.0,28.0,4.0,9.5857,3.9461,7.4822,0.0,28.4
2,29.0,3.3806,0.35862,17096900.0,25.0,31.0,1.618,0.88192,1.0,1.0,1.0,0.0,0.5408,325.46,130.18,195.27,0.0,0.0,0.0,170.0,0.21,1.0,1.0,2.5542,18.195,10.349,0.0,3.3621,0.0,4.4838,0.053,0.0203379,0.053,4.505,170.0,80.008,18.108,0.0,0.0,0.0,270.0,28.4,0.0,0.72309,213.56,36.575,0.0,0.0,1.8755,0.0382635,1.0811,0.0,0.6794,0.0,8.1526,39442.0,2138.3,2016.0,29.0,4.0,8.0471,3.3806,6.1406,0.0,28.4
2,30.0,4.9586,0.37142,18488800.0,25.0,32.0,1.6281,0.7452,1.0,1.0,1.0,0.0,0.61985,373.64,149.46,224.19,0.0,0.0,0.0,189.83,0.22,1.0,1.0,2.9578,20.75,11.882,0.0,3.8585,0.0,5.0092,0.053,0.0201716,0.053,5.0304,189.83,82.065,19.24,0.0,0.0,0.0,270.0,28.4,0.0,0.79935,214.28,39.956,0.0,0.0,1.8755,0.0172653,0.97262,0.0,0.88806,0.0,10.657,39431.0,2137.4,2016.0,30.0,4.0,9.9427,4.9586,7.293,0.0,28.4
2,31.0,5.6848,0.38399,18510800.0,25.0,32.0,1.6382,0.6271,1.0,1.0,1.0,0.0,0.69512,429.86,171.95,257.92,0.0,0.0,0.0,212.13,0.22,1.0,1.0,3.2947,23.707,13.67,0.0,4.4374,0.0,5.6003,0.053,0.0200081,0.053,5.6215,212.13,82.02,20.701,0.0,0.0,30.0,270.0,28.4,0.0,7.1359,215.08,44.915,0.0,0.0,1.8755,0.00694557,0.93862,0.0,0.88922,0.0,10.671,39420.0,2136.5,2016.0,31.0,4.0,10.102,5.6848,7.1359,0.0,28.4
2,32.0,5.6893,0.39657,18532900.0,25.0,32.0,1.6482,0.93301,1.0,1.0,1.0,0.0,0.76614,492.85,197.14,295.71,0.0,0.0,0.0,236.23,0.23,1.0,1.0,3.6032,27.002,15.673,0.0,5.0906,0.0,6.239,0.053,0.0198446,0.053,6.2601,236.23,80.091,22.468,0.0,0.0,0.0,300.0,28.4,0.0,0.6236,222.21,50.599,0.0,0.0,1.8755,0.0586522,1.0034,0.0,0.53897,0.0,6.4675,39414.0,2136.0,2016.0,32.0,4.0,9.3942,5.6893,6.4047,0.0,28.4
2,33.0,7.2939,0.40914,17178500.0,26.0,32.0,1.6583,0.74722,1.0,1.0,1.0,0.0,0.88261,562.17,224.87,337.3,0.0,0.0,0.0,261.8,0.23,1.0,1.0,3.7072,30.605,17.877,0.0,5.812,0.0,6.9165,0.0526605,0.0196812,0.053,6.9376,261.8,78.436,22.341,0.0,0.0,30.0,300.0,28.4,0.0,6.5154,222.84,56.289,0.0,0.0,1.8755,0.0128598,0.88051,0.0,0.98787,0.0,11.854,39402.0,2135.0,2016.0,33.0,4.0,10.13,7.2939,6.5154,0.0,28.4
2,34.0,7.7863,0.42396,18576800.0,25.0,32.0,1.6579,1.0,1.0,1.0,1.0,0.0,0.99224,638.26,255.31,382.96,0.0,0.0,0.0,288.83,0.24,1.0,1.0,4.1003,34.313,20.167,0.0,6.562,0.0,7.5838,0.0521102,0.0194886,0.0526605,7.605,288.83,75.347,23.296,3.3841,0.0,0.0,330.0,28.4,0.0,5.9851,229.35,63.583,0.0,0.0,0.0,0.0626458,0.88272,0.0,0.32077,0.0,3.8485,39398.0,2134.7,2016.0,34.0,4.0,9.8295,7.7863,5.9851,0.0,28.4
2,35.0,7.3286,0.43848,17218900.0,25.0,31.0,1.6526,0.77547,1.0,1.0,1.0,0.0,1.1539,727.02,290.81,436.21,0.0,0.0,0.0,318.97,0.25,1.0,1.0,4.5529,38.413,22.731,0.0,7.392,0.0,8.2897,0.0515708,0.0192998,0.0521102,8.3109,318.97,72.183,22.222,0.0,0.0,0.0,330.0,28.4,0.0,4.6057,235.34,71.369,0.0,0.0,1.8755,0.0186223,0.78391,0.0,0.91897,0.0,11.029,39387.0,2133.7,2016.0,35.0,4.0,8.201,7.3286,4.6057,0.0,28.4
2,36.0,6.8933,0.45325,17239000.0,26.0,32.0,1.6474,0.57944,0.96345,1.0,0.74199,0.0,1.4503,827.14,330.86,496.28,0.0,0.0,0.0,351.69,0.26,1.0,1.0,3.6295,42.966,25.594,0.0,8.3247,0.0,9.0473,0.051022,0.0191077,0.0515708,9.0684,351.69,69.45,22.516,0.0,0.0,30.0,330.0,28.4,0.0,5.0638,239.94,78.697,0.0,0.0,1.8755,0.00987648,0.71887,0.0,0.78804,0.0,9.4568,39378.0,2133.0,2016.0,36.0,4.0,10.457,12.389,5.0638,0.2,28.4
2,37.0,12.369,0.46807,18641700.0,25.0,32.0,1.6419,0.83398,1.0,1.0,0.96993,0.0,1.6296,909.89,364.26,545.63,0.0,0.0,0.0,378.47,0.26,1.0,1.0,5.7638,46.595,27.839,0.0,9.1223,0.0,9.6339,0.0504718,0.0189151,0.051022,9.6551,378.47,64.57,22.429,0.0,0.0,0.0,360.0,28.6,0.0,0.90361,245.01,85.591,0.0,0.0,1.8755,0.0253282,0.69701,0.0,0.85379,0.0,10.245,39367.0,2132.1,2016.0,37.0,4.0,10.702,14.09,4.7383,0.0,28.6
2,38.0,7.3671,0.48259,18662900.0,23.0,30.0,1.6364,0.60605,1.0,1.0,0.34457,0.0,1.8807,1042.3,417.24,625.1,0.0,0.0,0.0,418.77,0.27,1.0,1.0,1.5626,52.359,31.55,0.0,10.262,0.0,10.547,0.0499323,0.0187263,0.0504718,10.568,418.77,63.305,22.843,0.0,0.0,30.0,360.0,28.6,0.0,7.5326,245.91,97.96,0.0,0.0,1.8755,0.00879873,0.61034,0.0,0.7915,0.0,9.4968,39358.0,2131.3,2016.0,38.0,4.0,19.291,32.903,7.5326,0.0,28.6
2,39.0,12.013,0.49661,22331600.0,20.0,30.0,1.6309,0.808,1.0,1.0,0.70488,0.0,1.9357,1080.4,436.34,644.04,0.0,0.0,0.0,440.03,0.28,1.0,1.0,4.7968,53.922,32.158,0.0,10.798,0.0,10.965,0.0494118,0.0185441,0.0499323,10.986,440.03,59.168,22.762,0.0,0.0,30.0,390.0,28.6,0.0,5.2763,253.44,105.33,0.0,0.0,1.8755,0.0174976,0.55393,0.0,0.81616,0.0,9.794,39348.0,2130.5,2016.0,39.0,4.0,13.889,23.14,5.2763,0.0,28.6
2,40.0,15.869,0.50949,22356400.0,22.0,32.0,1.6256,1.0,1.0,1.0,0.99401,0.0,2.1417,1198.2,484.18,713.99,0.0,0.0,0.0,474.96,0.28,1.0,1.0,7.5026,58.718,35.279,0.0,11.726,0.0,11.713,0.0489334,0.0183767,0.0494118,11.734,474.96,53.512,21.446,1.0817,0.0,0.0,420.0,28.6,0.0,3.5646,258.72,117.34,0.0,0.0,0.0,0.0307182,0.46097,0.0,0.2751,0.0,3.3006,39345.0,2130.2,2016.0,40.0,4.0,10.401,16.64,3.5646,0.0,28.6
2,41.0,9.9284,0.52304,18725200.0,24.0,31.0,1.6206,0.68536,1.0,1.0,0.95631,0.0,2.4758,1378.1,557.52,819.91,0.0,0.68273,0.0,524.29,0.29,1.0,1.0,7.543,66.221,40.121,0.0,13.282,0.0119477,12.806,0.0484299,0.0182005,0.0489334,12.828,524.29,48.01,19.341,0.0,0.0,30.0,420.0,28.6,0.0,2.2474,262.29,133.21,0.0,0.0,1.8755,0.00787534,0.56501,0.0,0.81509,60.0,9.7807,39335.0,2129.4,2016.0,41.0,4.0,7.7497,11.72,2.2474,0.0,28.6
2,42.0,13.974,0.53747,20039500.0,24.0,32.0,1.6152,0.95489,1.0,1.0,1.0,0.0,2.7769,1563.7,635.2,926.15,0.0,2.3935,0.0,573.39,0.29,1.0,1.0,8.0,73.764,44.853,0.0,15.005,0.0418857,13.864,0.0478939,0.0180129,0.0484299,13.885,573.39,56.321,18.984,0.0,0.0,30.0,450.0,28.6,0.0,2.2504,264.53,143.14,0.0,0.0,1.8755,0.0252688,0.69749,0.0,0.46039,0.0,5.5256,39330.0,2128.9,2016.0,42.0,4.0,9.0214,13.974,2.2504,0.0,28.6
2,43.0,13.515,0.5517,18765000.0,25.0,32.0,1.6037,1.0,1.0,1.0,1.0,0.0,3.1063,1775.8,726.36,1043.8,0.0,5.5714,0.0,627.35,0.3,1.0,1.0,8.0,81.764,49.816,0.0,16.89,0.0955778,14.963,0.0473654,0.0178279,0.0477237,14.984,627.35,59.705,18.272,9.4973,0.0,30.0,480.0,28.6,0.0,1.8476,266.78,157.11,0.0,0.0,3.0,0.0216614,0.66919,0.0,0.29443,0.0,3.5334,39326.0,2128.6,2016.0,43.0,4.0,8.7321,13.515,1.8476,0.0,28.6
2,44.0,12.771,0.56622,17391000.0,26.0,32.0,1.5921,1.0,1.0,1.0,1.0,0.0,3.4343,1996.8,823.94,1162.8,6.22174e-05,10.143,0.0,681.46,0.3,1.0,1.0,8.0,89.764,54.677,2.4887e-07,18.887,0.16953,16.03,0.046826,0.0176391,0.0470231,16.051,681.46,58.623,17.219,21.134,0.0,0.0,510.0,28.6,0.0,1.4712,268.63,170.63,0.0,0.0,3.0,0.0174364,0.65587,0.0,0.30092,0.0,3.6112,39322.0,2128.3,2016.0,44.0,4.0,8.1927,12.771,1.4712,0.0,28.6
2,45.0,13.148,0.58104,17408500.0,26.0,32.0,1.5851,1.0,1.0,1.0,1.0,0.0,3.7504,2221.3,925.61,1279.6,6.22174e-05,16.089,0.0,734.19,0.3,1.0,1.0,8.0,97.764,59.446,2.4887e-07,20.987,0.26421,17.066,0.0462757,0.0174465,0.0464571,17.087,734.19,56.267,16.375,3.8917,0.0,30.0,510.0,28.6,0.0,1.2698,270.1,183.4,0.0,0.0,3.0,0.0153664,0.64246,0.0,0.30529,0.0,3.6622,39319.0,2128.0,2016.0,45.0,4.0,8.2814,13.148,1.2698,0.0,28.6
2,46.0,13.548,0.59585,17425600.0,25.0,31.0,1.5773,1.0,1.0,1.0,1.0,0.0,4.0659,2457.4,1035.3,1398.3,6.22174e-05,23.742,0.0,787.34,0.3,1.0,1.0,8.0,105.76,64.13,2.4887e-07,23.178,0.38345,18.072,0.0457254,0.0172539,0.0458632,18.093,787.34,52.841,15.687,16.473,0.0,0.0,540.0,28.6,0.0,1.1107,271.37,196.55,0.0,0.0,2.0144,0.0135764,0.59549,0.0,0.3002,0.0,3.6022,39315.0,2127.7,2016.0,46.0,4.0,8.4815,13.548,1.1107,0.2,28.6
2,47.0,16.608,0.61063,18839800.0,25.0,32.0,1.5654,1.0,1.0,1.0,0.90053,0.0,4.39,2712.2,1156.8,1521.9,6.22174e-05,33.513,0.0,842.25,0.3,1.0,1.0,8.0,113.76,68.724,2.4887e-07,25.462,0.52734,19.051,0.0451767,0.0170618,0.045157,19.072,842.25,48.494,15.121,0.0,0.0,0.0,540.0,28.8,0.0,1.4218,272.48,210.09,0.0,0.0,1.8755,0.0121673,0.52602,0.0,0.29776,0.0,3.5741,39312.0,2127.4,2016.0,47.0,4.0,12.768,22.156,1.4218,0.0,28.8
2,48.0,10.102,0.62515,15937300.0,26.0,31.0,1.5664,0.66796,1.0,1.0,0.64317,0.0,4.6711,2950.1,1273.0,1632.4,0.60657,44.036,0.0,891.28,0.3,1.0,1.0,4.9805,121.76,73.169,0.00242626,27.913,0.69034,19.99,0.0446373,0.0168731,0.0448231,20.011,891.28,46.455,14.698,0.0,0.0,30.0,540.0,28.8,0.0,1.1993,273.9,226.7,0.0,0.0,1.8755,0.00253498,0.47774,0.0,0.8951,0.0,10.741,39301.0,2126.5,2016.0,48.0,4.0,12.395,21.907,1.1993,0.0,28.8
2,49.0,15.466,0.64026,18874200.0,25.0,32.0,1.5724,0.94154,1.0,1.0,0.76755,0.0,4.8093,3093.6,1346.3,1694.1,2.1461,51.075,0.0,923.13,0.3,1.0,1.0,5.4377,126.74,75.62,0.0085844,29.721,0.81352,20.582,0.044076,0.0166766,0.0446371,20.603,923.13,44.14,15.237,0.0,0.0,0.0,570.0,28.8,0.0,0.256,275.1,236.81,0.0,0.0,1.8755,0.0122804,0.48004,0.0,0.52728,0.0,6.3271,39294.0,2126.0,2016.0,49.0,4.0,14.866,26.513,1.3424,0.0,28.8
2,50.0,9.8395,0.65478,20194900.0,25.0,33.0,1.5656,0.65936,1.0,1.0,0.68498,0.0,5.0098,3298.3,1451.6,1779.5,4.7038,62.511,0.0,962.5,0.3,1.0,1.0,4.4973,132.18,78.433,0.0188152,31.526,1.0137,21.19,0.0435366,0.0164878,0.0440752,21.212,962.5,42.173,15.109,0.0,0.0,30.0,570.0,28.8,0.0,0.94551,275.36,252.27,0.0,0.0,1.8755,0.00251207,0.40612,0.0,0.87697,0.0,10.523,39284.0,2125.1,2016.0,50.0,4.0,11.575,19.68,0.94551,0.0,28.8
2,51.0,15.332,0.66753,20211800.0,24.0,32.0,1.5625,0.93648,1.0,1.0,0.88377,13878800.0,5.1416,3477.4,1546.5,1849.1,8.3596,73.457,0.0,997.23,0.3,1.0,1.0,7.0314,136.68,80.502,0.0334385,33.251,1.2052,21.687,0.0430633,0.0163222,0.0435356,21.708,997.23,37.377,15.083,0.0,0.0,0.0,600.0,28.8,0.0,0.13241,276.3,262.11,0.0,0.0,1.8755,0.0102252,0.36587,0.0,0.53141,0.0,6.3766,39278.0,2124.6,2016.0,51.0,4.0,12.224,21.145,0.93483,0.0,28.8
2,52.0,9.7583,0.68032,18921500.0,25.0,32.0,1.5659,0.65772,1.0,1.0,0.50795,34023900.0,5.3552,3742.5,1688.1,1950.2,13.042,91.213,0.0,1042.6,0.3,1.0,1.0,2.4199,143.71,83.978,0.052168,35.738,1.5159,22.427,0.0425882,0.0161559,0.0430622,22.448,1042.6,36.44,15.019,0.0,0.0,30.0,600.0,28.8,0.0,1.0754,276.44,277.44,0.0,0.0,1.8755,0.00259348,0.3295,0.0,0.85769,0.0,10.292,39267.0,2123.8,2016.0,52.0,4.0,15.647,28.158,1.0754,0.0,28.8
2,53.0,15.268,0.69337,20243500.0,24.0,32.0,1.5695,0.93555,1.0,1.0,0.99547,43306200.0,5.3822,3857.4,1754.1,1985.5,18.916,98.96,0.0,1070.7,0.3,1.0,1.0,7.7076,146.13,84.555,0.0756624,37.07,1.6515,22.778,0.0421034,0.0159862,0.0425868,22.799,1070.7,30.62,14.599,0.0,0.0,0.0,630.0,28.8,0.0,0.0771417,277.51,287.2,0.0,0.0,1.8755,0.00808097,0.26953,0.0,0.53006,0.0,6.3607,39261.0,2123.2,2016.0,53.0,4.0,9.661,15.892,0.65509,0.0,28.8
2,54.0,9.7036,0.70616,18949900.0,25.0,32.0,1.5733,0.65697,1.0,1.0,0.90032,67079400.0,5.6036,4174.5,1929.9,2095.2,25.868,123.48,0.0,1119.9,0.3,1.0,1.0,3.5771,153.84,88.211,0.10347,39.888,2.0807,23.555,0.0416283,0.0158199,0.0421018,23.577,1119.9,28.292,14.291,0.0,0.0,30.0,630.0,28.8,0.0,0.49187,277.59,302.47,0.0,0.0,1.8755,0.00264551,0.23293,0.0,0.85133,0.0,10.215,39251.0,2122.4,2016.0,54.0,4.0,8.1033,12.95,0.49187,0.0,28.8
2,55.0,15.457,0.71922,18963000.0,25.0,32.0,1.5558,0.94999,1.0,1.0,0.8725,87466500.0,5.7612,4448.1,2084.5,2183.3,34.209,146.04,0.0,1160.5,0.3,1.0,1.0,3.15,157.42,89.659,0.13683,41.451,2.2968,23.872,0.0411434,0.0156502,0.0410657,23.893,1160.5,26.364,14.199,0.0,0.0,0.0,660.0,28.8,0.0,0.0720535,278.08,312.17,0.0,0.0,1.8755,0.00709783,0.21158,0.0,0.48541,0.0,5.8243,39245.0,2121.9,2016.0,55.0,4.0,12.476,21.789,0.69993,0.0,28.8
2,56.0,9.7697,0.73227,18975500.0,26.0,33.0,1.5436,0.66098,1.0,1.0,0.48504,107126000.0,5.8884,4713.6,2237.3,2263.0,43.969,169.31,0.0,1197.9,0.3,1.0,1.0,1.2065,160.57,90.899,0.17588,42.898,2.4461,24.147,0.0406585,0.0154805,0.040168,24.168,1197.9,25.921,14.071,0.0,0.0,30.0,660.0,28.8,0.0,0.86481,278.15,327.63,0.0,0.0,1.8755,0.00272661,0.20837,0.0,0.88227,0.0,10.588,39234.0,2121.0,2016.0,56.0,4.0,16.427,29.742,0.86481,0.1,28.8
2,57.0,15.5,0.74522,17578700.0,26.0,32.0,1.5593,0.95421,1.0,1.0,0.7743,114892000.0,5.8505,4811.1,2297.5,2280.7,55.194,177.68,0.0,1220.0,0.3,1.0,1.0,0.8351,161.77,91.218,0.22078,43.589,2.4745,24.27,0.0401777,0.0153122,0.0399963,24.291,1220.0,25.9,14.22,0.0,0.0,0.0,690.0,28.9,0.0,0.0725254,279.02,337.4,0.0,0.0,1.8755,0.0071712,0.21311,0.0,0.48918,0.0,5.8704,39228.0,2120.5,2016.0,57.0,4.0,14.597,26.243,0.78314,0.0,28.9
2,58.0,9.7765,0.75853,18998100.0,25.0,32.0,1.5499,0.66203,1.0,1.0,0.61087,130603000.0,5.9007,5025.3,2425.6,2333.5,67.614,198.61,0.0,1247.9,0.3,1.0,1.0,0.81822,162.61,91.427,0.27045,44.051,2.5111,24.347,0.0395904,0.0151391,0.0391803,24.369,1247.9,25.637,14.136,0.0,0.0,30.0,690.0,28.9,0.0,0.67263,279.09,352.9,0.0,0.0,1.8755,0.0027349,0.21313,0.0,0.87757,0.0,10.531,39218.0,2119.6,2016.0,58.0,4.0,12.856,22.611,0.67263,0.0,28.9
2,59.0,15.567,0.77159,17598200.0,26.0,32.0,1.5553,0.95969,1.0,1.0,0.99609,142597000.0,5.9024,5185.9,2521.1,2364.8,81.486,218.48,0.0,1272.1,0.3,1.0,1.0,0.78941,163.43,91.579,0.32594,44.555,2.5431,24.422,0.0389638,0.0149694,0.0387254,24.443,1272.1,25.561,14.244,0.0,0.0,0.0,720.0,28.9,0.0,0.0425647,279.76,362.68,0.0,0.0,1.8755,0.00716682,0.21562,0.0,0.46808,0.0,5.6172,39212.0,2119.2,2016.0,59.0,4.0,9.5939,16.147,0.50153,0.0,28.9
2,60.0,9.8144,0.78491,18312200.0,25.5,32.0,1.5377,0.66461,1.0,1.0,0.77908,164319000.0,5.9685,5487.0,2688.8,2432.2,96.703,269.4,0.0,1305.7,0.3,1.0,1.0,0.85417,164.21,91.727,0.38681,45.015,2.6002,24.486,0.0383245,0.0147962,0.0377141,24.507,1305.7,25.181,14.124,0.0,0.0,30.0,720.0,28.9,0.0,0.49458,279.81,378.24,0.0,0.0,1.8755,0.00269572,0.215,0.0,0.88745,0.0,10.649,39202.0,2118.3,2016.0,60.0,4.0,9.7784,16.471,0.49458,0.0,28.9
2,61.0,15.68,0.79809,19026100.0,25.0,32.0,1.5385,0.96844,1.0,1.0,0.98892,180385000.0,5.9746,5710.5,2807.6,2472.8,113.57,316.53,0.0,1329.8,0.3,1.0,1.0,0.82581,165.07,91.861,0.45427,45.552,2.6534,24.549,0.0376916,0.0146248,0.0371488,24.57,1329.8,25.051,14.187,0.0,0.0,30.0,750.0,28.9,0.0,0.50295,280.3,388.06,0.0,0.0,1.8755,0.00696076,0.21549,0.0,0.43621,0.0,5.2336,39196.0,2117.8,2016.0,61.0,4.0,9.9747,16.808,0.50295,0.0,28.9
2,62.0,15.853,0.81115,17621900.0,25.0,31.0,1.5143,1.0,1.0,1.0,1.0,203030000.0,6.0739,6028.5,2967.8,2531.5,131.94,397.27,0.0,1360.7,0.3,1.0,1.0,0.64533,165.89,91.976,0.52774,46.06,2.7268,24.605,0.037065,0.0144551,0.0363333,24.626,1360.7,24.754,14.11,10.003,0.0,30.0,780.0,28.9,0.0,0.4517,280.8,403.74,0.0,0.0,3.0,0.00740826,0.21214,0.0,0.29579,0.0,3.55,39193.0,2117.6,2016.0,62.0,4.0,9.4143,15.853,0.4517,0.0,28.9
2,63.0,14.52,0.82442,19040600.0,25.0,32.0,1.4857,1.0,1.0,1.0,1.0,225338000.0,6.1947,6343.7,3118.4,2582.9,151.98,490.48,0.0,1389.2,0.3,1.0,1.0,0.36182,166.54,92.036,0.60792,46.465,2.786,24.645,0.0364276,0.0142825,0.0356333,24.666,1389.2,24.534,14.08,20.699,0.0,0.0,810.0,28.9,0.0,0.40115,281.26,419.59,0.0,0.0,3.0,0.00713825,0.21176,0.0,0.29496,0.0,3.539,39189.0,2117.3,2016.0,63.0,4.0,8.8812,14.52,0.40115,0.0,28.9
2,64.0,12.863,0.83748,17633700.0,25.0,31.0,1.46,1.0,1.0,1.0,1.0,247981000.0,6.3026,6665.8,3263.7,2629.0,173.72,599.38,0.0,1416.0,0.3,1.0,1.0,0.2874,166.9,92.021,0.69487,46.698,2.8217,24.666,0.035801,0.0141128,0.0350026,24.687,1416.0,24.359,14.072,2.7774,0.0,30.0,810.0,28.9,0.0,0.34064,281.66,434.11,0.0,0.0,3.0,0.00702699,0.21184,0.0,0.29486,0.0,3.5381,39186.0,2117.0,2016.0,64.0,4.0,7.9595,12.863,0.34064,0.0,28.9
2,65.0,14.436,0.85076,19051600.0,25.0,32.0,1.4392,1.0,1.0,1.0,1.0,269971000.0,6.391,6980.4,3397.4,2666.9,197.13,718.94,0.0,1440.2,0.3,1.0,1.0,0.20538,167.19,91.977,0.78852,46.891,2.8512,24.682,0.0351636,0.0139401,0.0344881,24.703,1440.2,24.26,14.065,16.574,0.0,30.0,840.0,28.9,0.0,0.36347,282.0,446.97,0.0,0.0,3.0,0.00692142,0.21319,0.0,0.29487,0.0,3.5381,39182.0,2116.7,2016.0,65.0,4.0,8.8766,14.436,0.36347,0.0,28.9
2,66.0,15.401,0.86381,17642300.0,26.0,32.0,1.4214,1.0,1.0,1.0,1.0,292295000.0,6.4661,7301.9,3525.5,2699.4,222.21,854.73,0.0,1462.7,0.3,1.0,1.0,0.1621,167.39,91.907,0.88883,47.033,2.8743,24.692,0.034537,0.0137704,0.0340469,24.713,1462.7,24.198,14.058,28.774,0.0,0.0,870.0,28.9,0.0,0.36535,282.36,461.41,0.0,0.0,3.0,0.00686883,0.21582,0.0,0.29944,0.0,3.5939,39179.0,2116.4,2016.0,66.0,4.0,9.2641,15.401,0.36535,0.0,28.9
2,67.0,16.511,0.87713,17645300.0,26.0,32.0,1.4097,1.0,1.0,1.0,0.99985,312951000.0,6.5131,7601.2,3637.0,2720.2,250.34,993.65,0.0,1481.7,0.3,1.0,1.0,0.0762579,167.56,91.817,0.99565,47.153,2.8932,24.698,0.0338978,0.0135973,0.033754,24.719,1481.7,24.221,14.051,10.008,0.0,30.0,870.0,28.9,0.0,0.37948,282.73,476.81,0.0,0.0,3.0,0.00682842,0.22104,0.0,0.30425,0.0,3.6514,39175.0,2116.1,2016.0,67.0,4.0,9.8514,16.594,0.37948,0.0,28.9
2,68.0,14.347,0.89045,20377500.0,25.0,33.0,1.4015,1.0,1.0,1.0,1.0,333467000.0,6.5435,7900.2,3740.4,2734.1,280.57,1145.2,0.0,1498.7,0.3,1.0,1.0,0.0452834,167.63,91.708,1.1087,47.212,2.9032,24.701,0.0332585,0.0134242,0.0335428,24.722,1498.7,24.272,14.044,20.118,0.0,0.0,900.0,28.9,0.0,0.33932,283.11,493.32,0.0,0.0,3.0,0.00671004,0.22675,0.0,0.30137,0.0,3.6169,39171.0,2115.8,2016.0,68.0,4.0,8.9437,14.347,0.33932,0.0,28.9
2,69.0,13.237,0.90319,20378900.0,26.0,34.0,1.3902,1.0,1.0,1.0,1.0,355592000.0,6.5716,8224.8,3843.9,2746.9,310.35,1323.5,0.0,1515.1,0.3,1.0,1.0,0.062006,167.68,91.359,1.4576,47.249,2.9102,24.702,0.0326469,0.0132585,0.0332585,24.723,1515.1,24.295,14.038,2.4315,0.0,30.0,900.0,28.9,0.0,0.31568,283.44,507.67,0.0,0.0,3.0,0.00666598,0.23183,0.0,0.30573,0.0,3.6691,39168.0,2115.5,2016.0,69.0,4.0,8.4381,13.237,0.31568,0.0,28.9
2,70.0,15.101,0.91573,16111300.0,27.0,32.0,1.3652,1.0,1.0,1.0,1.0,376501000.0,6.5799,8533.3,3934.5,2751.5,341.58,1505.6,0.0,1528.8,0.3,1.0,1.0,0.16871,167.74,89.829,2.9874,47.301,2.9201,24.703,0.032045,0.0130955,0.0326469,24.724,1528.8,24.209,14.031,15.879,0.0,30.0,930.0,28.9,0.0,0.33556,283.76,520.91,0.0,0.0,3.0,0.0066631,0.23698,0.0,0.31324,0.0,3.7588,39164.0,2115.1,2016.0,70.0,4.0,9.007,15.101,0.33556,0.0,28.9
2,71.0,16.505,0.92929,19062600.0,26.0,33.0,1.3406,1.0,1.0,1.0,0.92344,394697000.0,6.5545,8803.3,4007.1,2742.0,378.16,1676.0,0.0,1539.2,0.3,1.0,1.0,0.17498,167.91,87.996,4.8205,47.444,2.9457,24.703,0.0313942,0.0129193,0.0320917,24.724,1539.2,24.117,14.024,27.442,0.0,0.0,960.0,28.9,0.0,0.45893,284.1,536.01,0.0,0.0,3.0,0.00657646,0.24225,0.0,0.31234,0.0,3.7479,39160.0,2114.8,2016.0,71.0,4.0,12.163,20.999,0.45893,0.0,28.9
2,72.0,16.505,0.94223,17647200.0,27.0,33.0,1.3139,1.0,1.0,1.0,0.9838,412891000.0,6.5258,9074.9,4072.7,2731.2,412.02,1859.0,0.0,1547.9,0.3,1.0,1.0,0.27829,168.08,85.743,7.0738,47.59,2.9744,24.703,0.0307728,0.012751,0.0313942,24.724,1547.9,23.915,14.018,7.4782,0.0,30.0,960.0,28.9,0.0,0.40698,284.55,552.51,0.0,0.0,3.0,0.00654492,0.24516,0.0,0.31676,0.0,3.8016,39156.0,2114.5,2016.0,72.0,4.0,10.632,18.024,0.40698,0.0,28.9
2,73.0,13.993,0.95538,16107500.0,27.0,32.0,1.2884,1.0,1.0,1.0,1.0,431082000.0,6.4842,9348.1,4131.6,2714.9,447.07,2054.5,0.0,1555.0,0.3,1.0,1.0,0.22528,168.36,83.545,9.2713,47.819,3.024,24.703,0.0301416,0.01258,0.0307728,24.724,1555.0,23.766,14.011,17.567,0.0,30.0,990.0,28.9,0.0,0.33164,284.96,569.02,0.0,0.0,3.0,0.00650467,0.25005,0.0,0.31999,0.0,3.8407,39153.0,2114.2,2016.0,73.0,4.0,8.486,13.993,0.33164,0.0,28.9
2,74.0,14.284,0.96894,16104600.0,28.0,33.0,1.232,1.0,1.0,1.0,1.0,448743000.0,6.4286,9614.9,4182.2,2692.7,483.25,2256.7,235.18,1560.3,0.3,1.0,1.0,0.71636,168.59,79.197,11.653,46.875,6.5634,24.298,0.0294909,0.0124038,0.0294114,24.32,1560.3,23.123,14.005,30.242,0.0,0.0,1020.0,28.9,0.0,0.34869,285.29,583.01,0.0,0.0,3.0,0.00649249,0.24601,0.0,0.32563,0.0,3.9078,39149.0,2113.9,2016.0,74.0,4.0,8.6774,14.284,0.34869,0.2,28.9
2,75.0,16.06,0.98221,19050800.0,26.0,33.0,1.2067,1.0,1.0,1.0,1.0,465084000.0,6.3585,9863.2,4222.5,2664.5,520.51,2455.7,466.58,1563.7,0.3,1.0,1.0,0.23949,169.3,76.726,12.271,46.359,10.046,23.902,0.0288538,0.0122312,0.0287954,23.923,1563.7,22.967,13.998,12.809,0.0,30.0,1020.0,29.1,0.0,0.40495,285.64,597.29,0.0,0.0,3.0,0.00637726,0.25031,0.0,0.3215,0.0,3.8585,39145.0,2113.5,2016.0,75.0,4.0,9.7306,16.06,0.40495,0.0,29.1
2,76.0,15.292,0.99516,19045400.0,26.0,33.0,1.1721,1.0,1.0,1.0,1.0,484386000.0,6.2796,10158.0,4262.5,2632.6,558.7,2704.5,755.89,1566.1,0.3,1.0,1.0,0.404,169.54,73.602,13.036,45.116,14.4,23.389,0.0282323,0.0120629,0.0279578,23.41,1566.1,22.636,13.992,23.344,0.0,0.0,1050.0,29.1,0.0,0.40483,286.05,613.35,0.0,0.0,3.0,0.00624462,0.24876,0.0,0.31616,0.0,3.7928,39141.0,2113.2,2016.0,76.0,4.0,9.3514,15.292,0.40483,0.0,29.1
2,77.0,14.345,1.0081,16090900.0,27.0,32.0,1.145,1.0,1.0,1.0,1.0,503404000.0,6.1881,10451.0,4294.5,2595.3,597.71,2963.2,1056.7,1566.7,0.3,1.0,1.0,0.54733,169.95,70.855,13.367,43.945,18.927,22.854,0.0279514,0.0119632,0.0273013,22.875,1566.7,22.158,13.986,4.6476,0.0,0.0,1050.0,29.1,0.0,0.39253,286.45,628.64,0.0,0.0,0.0,0.00620861,0.24452,0.0,0.32028,0.0,3.8429,39137.0,2112.9,2016.0,77.0,4.0,8.6614,14.345,0.39253,0.0,29.1
2,78.0,12.777,1.0549,19031700.0,26.0,33.0,1.1167,0.82015,1.0,1.0,0.9292,503404000.0,6.0919,10686.0,4239.5,2556.0,636.99,3253.7,1394.4,1566.7,0.3,1.0005,1.0,0.77444,170.49,68.027,13.524,42.68,24.01,22.254,0.0276705,0.0117504,0.0266146,22.275,1566.7,21.499,13.942,0.0,0.0,0.0,1050.0,29.1,0.0,0.46176,286.84,642.99,0.0,0.0,1.8755,0.00286229,0.24453,0.0,0.87905,0.0,10.548,39127.0,2112.0,2016.0,78.0,4.0,9.7106,16.055,0.46176,0.0,29.1
2,79.0,8.4597,1.0996,22737200.0,25.0,35.0,1.0901,0.61076,1.0,1.0,0.74762,503404000.0,5.9859,10924.0,4184.5,2515.3,677.69,3546.4,1734.8,1566.7,0.3,1.0068,1.0,1.4954,171.27,65.254,13.687,41.546,29.132,21.65,0.0274024,0.0115473,0.0259427,21.671,1566.7,20.838,13.74,0.0,0.0,30.0,1050.0,29.1,0.0,0.4778,287.31,655.77,0.0,0.0,1.8755,0.00152646,0.23193,0.0,0.85988,0.0,10.319,39116.0,2111.2,2016.0,79.0,4.0,9.5293,15.046,0.4778,0.0,29.1
2,80.0,14.072,1.1408,19014000.0,26.0,33.0,1.0763,0.90638,1.0,1.0,0.9941,503404000.0,5.877,11097.0,4127.4,2473.1,719.88,3776.4,2002.2,1568.1,0.3,1.0021,1.0,1.0488,172.76,63.253,13.856,41.309,33.158,21.189,0.0271553,0.0113601,0.0255761,21.211,1568.1,20.374,13.784,0.0,0.0,0.0,1080.0,29.1,0.0,0.0921153,287.78,664.23,0.0,0.0,1.8755,0.00198265,0.23149,0.0,0.75859,0.0,9.1036,39107.0,2110.4,2016.0,80.0,4.0,9.1234,14.75,0.48303,0.0,29.1
2,81.0,9.0084,1.1855,20315700.0,26.0,34.0,1.0476,0.63437,1.0,1.0,0.75623,503404000.0,5.7672,11359.0,4073.3,2430.1,762.87,4092.7,2370.0,1568.1,0.3,1.0099,1.0,1.5037,173.81,60.415,14.028,40.131,38.692,20.548,0.0268871,0.0111569,0.0248608,20.569,1568.1,19.66,13.52,0.0,0.0,30.0,1080.0,29.1,0.0,0.54502,287.88,678.3,0.0,0.0,1.8755,0.00194076,0.22179,0.0,0.89181,0.0,10.701,39096.0,2109.5,2016.0,81.0,4.0,9.7444,15.769,0.54502,0.0,29.1
2,82.0,14.982,1.2288,17583500.0,27.0,33.0,1.0359,0.93375,1.0,1.0,0.98202,503404000.0,5.6537,11529.0,4018.5,2385.7,807.27,4317.5,2631.4,1569.2,0.3,1.005,1.0,0.98804,175.32,58.566,14.205,39.788,42.626,20.131,0.0266274,0.0109601,0.0245485,20.153,1569.2,19.386,13.475,0.0,0.0,0.0,1110.0,29.1,0.0,0.18293,288.42,687.31,0.0,0.0,1.8755,0.00191912,0.21937,0.0,0.59771,0.0,7.1721,39089.0,2108.9,2016.0,82.0,4.0,9.8898,16.458,0.58546,0.1,29.1
2,83.0,9.5161,1.2742,17572200.0,27.0,33.0,1.0115,0.65618,1.0,1.0,0.73419,503404000.0,5.5391,11767.0,3966.6,2340.6,852.37,4607.4,2968.5,1569.2,0.3,1.0104,0.99999,1.1818,176.31,56.029,14.386,38.624,47.7,19.567,0.026355,0.0107538,0.0239375,19.588,1569.2,18.787,13.269,0.0,0.0,30.0,1110.0,29.2,0.0,0.64707,288.6,702.29,0.0,0.0,1.8755,0.00190282,0.21731,0.0,0.93733,0.0,11.248,39078.0,2108.0,2016.0,83.0,4.0,10.322,17.352,0.64707,0.4,29.2
2,84.0,15.546,1.3196,17559900.0,27.0,33.0,1.0039,0.96497,1.0,1.0,0.95841,503404000.0,5.4216,11916.0,3921.2,2294.3,898.65,4801.6,3194.3,1570.6,0.3,1.0052,1.0,0.86384,177.49,54.426,14.571,38.165,51.098,19.227,0.0260826,0.0105474,0.0237218,19.248,1570.6,18.631,13.28,0.0,0.0,0.0,1140.0,29.6,0.0,0.0842724,289.25,711.8,0.0,0.0,1.8755,0.00188678,0.21413,0.0,0.48703,0.0,5.8435,39072.0,2107.5,2016.0,84.0,4.0,10.764,18.255,0.71565,0.0,29.6
2,85.0,9.777,1.365,18952700.0,26.0,33.0,0.98171,0.66772,1.0,1.0,0.63052,503404000.0,5.3031,12146.0,3879.1,2247.5,945.53,5073.5,3510.4,1570.6,0.3,1.0101,0.99916,0.6168,178.35,52.061,14.758,36.971,55.856,18.705,0.0258102,0.0103411,0.0231642,18.726,1570.6,18.335,13.23,0.0,0.0,30.0,1140.0,29.6,0.0,0.88883,289.34,727.35,0.0,0.0,1.8755,0.00186893,0.2198,0.0,0.93824,0.0,11.258,39061.0,2106.6,2016.0,85.0,4.0,12.6,21.738,0.88883,0.0,29.6
2,86.0,15.525,1.4097,17532800.0,27.0,33.0,0.9771,0.96371,1.0,1.0,0.81758,503404000.0,5.1825,12270.0,3845.0,2199.6,993.4,5231.9,3694.6,1574.5,0.3,1.0061,0.99961,0.91224,178.97,50.638,14.95,36.34,58.628,18.411,0.0255421,0.0101379,0.0230214,18.433,1574.5,18.141,13.229,0.0,0.0,0.0,1170.0,29.6,0.0,0.10635,290.22,737.13,0.0,0.0,1.8755,0.00184609,0.21463,0.0,0.48801,0.0,5.8557,39055.0,2106.1,2016.0,86.0,4.0,13.788,24.269,1.0331,0.0,29.6
2,87.0,9.7618,1.4551,17517900.0,27.0,33.0,0.96434,0.66708,1.0,1.0,0.47716,503404000.0,5.0614,12451.0,3811.3,2151.3,1041.7,5446.5,3944.2,1574.8,0.3,1.0059,0.99921,0.46785,179.88,48.809,15.143,35.52,62.385,18.024,0.0252697,0.00993158,0.022688,18.045,1574.8,17.947,13.227,0.0,0.0,0.0,1170.0,29.6,0.0,0.13022,290.33,752.65,0.0,0.0,1.8755,0.00182751,0.22192,0.0,0.95477,0.0,11.458,39044.0,2105.1,2016.0,87.0,4.0,16.801,30.285,1.3374,0.0,29.6
2,88.0,6.8034,1.5004,17502200.0,27.0,33.0,0.97191,0.53928,1.0,1.0,0.33055,503404000.0,4.9391,12511.0,3787.8,2102.4,1090.6,5529.8,4041.1,1582.8,0.3,1.0,1.0,0.69711,180.35,48.004,15.339,35.277,63.843,17.886,0.0249973,0.00972523,0.0228325,17.907,1582.8,17.934,13.273,0.0,0.0,0.0,1170.0,29.6,0.0,0.1374,290.46,762.42,0.0,0.0,1.8755,0.00126701,0.22081,0.0,0.85331,0.0,10.24,39033.0,2104.3,2016.0,88.0,4.0,17.532,31.794,1.4837,0.0,29.6
2,89.0,4.9668,1.5458,18886700.0,26.0,33.0,0.9897,0.45405,0.9432,1.0,0.34875,503404000.0,4.8167,12523.0,3767.3,2053.4,1139.6,5562.6,4079.2,1591.7,0.3,1.0,1.0,0.24896,181.04,47.671,15.535,35.533,64.415,17.891,0.0247249,0.00951888,0.023216,17.912,1591.7,18.11,13.48,0.0,0.0,0.0,1170.0,29.6,0.0,0.10127,290.6,769.22,0.0,0.0,1.8755,0.000686069,0.22297,0.0,0.77607,0.0,9.3128,39024.0,2103.5,2016.0,89.0,4.0,12.722,21.892,1.1445,0.0,29.6
2,90.0,3.7431,1.5905,18867900.0,26.0,33.0,1.0044,0.39186,0.8475,1.0,0.31082,503404000.0,4.6937,12549.0,3750.6,2003.9,1189.1,5605.2,4128.8,1601.9,0.3,1.0,1.0,0.20723,181.29,47.142,15.733,35.432,65.162,17.825,0.0244568,0.00931573,0.0235256,17.846,1601.9,18.079,13.856,0.0,0.0,0.0,1170.0,29.6,0.0,0.0904125,290.7,774.19,0.0,0.0,1.8755,0.000347712,0.22075,0.0,0.72483,0.0,8.6982,39015.0,2102.8,2016.0,90.0,4.0,11.135,18.7,1.0653,0.0,29.6
2,91.0,2.9024,1.6352,17450000.0,26.0,32.0,1.0219,0.3441,0.75738,1.0,0.31858,503404000.0,4.5704,12563.0,3735.2,1954.1,1238.9,5635.0,4163.4,1611.1,0.3,1.0,1.0,0.11286,181.5,46.703,15.932,35.397,65.683,17.786,0.0241886,0.00911257,0.0239002,17.807,1611.1,18.019,14.308,0.0,0.0,0.0,1170.0,29.6,0.0,0.17272,290.79,777.93,0.0,0.0,1.8755,0.000261358,0.21735,0.0,0.68684,0.0,8.2429,39007.0,2102.1,2016.0,91.0,4.0,8.7511,14.118,0.89046,0.1,29.6
2,92.0,2.3081,1.6812,18827700.0,26.0,33.0,1.0297,0.30632,0.64788,1.0,0.23593,503404000.0,4.4416,12581.0,3721.9,1901.8,1291.2,5666.0,4199.5,1620.2,0.3,1.0,1.0,0.14168,181.61,45.737,16.633,35.285,66.226,17.732,0.0239127,0.00890359,0.0240494,17.754,1620.2,17.885,14.769,0.0,0.0,0.0,1170.0,29.7,0.0,1.0419,290.96,780.83,0.0,0.0,1.8755,0.000177205,0.21306,0.0,0.66103,0.0,7.9335,38999.0,2101.4,2016.0,92.0,4.0,9.6007,15.48,1.0419,1.8,29.7
2,93.0,1.9677,1.7259,18806300.0,26.0,33.0,1.0236,0.28723,0.59251,1.0,0.18161,503404000.0,4.306,12575.0,3706.5,1846.5,1346.5,5675.3,4210.3,1624.9,0.3,1.0,1.0,0.30144,181.76,44.077,18.215,35.342,66.389,17.733,0.0236446,0.00870043,0.0238701,17.754,1624.9,17.561,15.24,0.0,0.0,0.0,1170.0,31.5,0.0,0.39306,292.0,783.14,0.0,0.0,1.8755,9.08559e-05,0.20708,0.0,0.65707,0.0,7.8837,38991.0,2100.8,2016.0,93.0,4.0,10.515,17.367,1.2212,0.3,31.5
2,94.0,1.6291,1.7706,17390700.0,27.0,33.0,1.0154,0.25993,0.51338,1.0,0.18639,503404000.0,4.1652,12557.0,3689.3,1788.7,1404.3,5674.9,4209.7,1624.5,0.3,1.0,1.0,0.26176,182.06,42.294,19.998,35.599,66.389,17.777,0.0233764,0.00849728,0.0236446,17.798,1624.5,17.271,15.717,0.0,0.0,0.0,1170.0,31.8,0.0,0.0806897,292.4,785.11,0.0,0.0,1.8755,3.56994e-05,0.20362,0.0,0.64754,0.0,7.7711,38984.0,2100.1,2016.0,94.0,4.0,8.7669,13.994,1.0924,0.0,31.8
2,95.0,1.371,1.816,17369400.0,27.0,33.0,1.0054,0.23702,0.44696,1.0,0.15034,503404000.0,4.0196,12538.0,3672.9,1728.8,1464.2,5672.5,4207.0,1623.0,0.3,1.0,1.0,0.23761,182.32,40.412,21.879,35.826,66.389,17.812,0.023104,0.00829093,0.0233764,17.833,1623.0,16.997,16.197,0.0,0.0,0.0,1170.0,31.8,0.0,0.0879138,292.48,786.74,0.0,0.0,1.8755,3.05992e-05,0.2028,0.0,0.63682,0.0,7.6414,38976.0,2099.5,2016.0,95.0,4.0,9.1466,14.722,1.2258,0.0,31.8
2,96.0,1.1672,1.8614,17347300.0,27.0,33.0,0.99514,0.21723,0.3896,1.0,0.12553,503404000.0,3.87,12515.0,3655.6,1666.9,1526.1,5665.9,4199.3,1617.4,0.3,1.0,1.0,0.21824,182.56,38.512,23.78,36.036,66.389,17.839,0.0228316,0.00808457,0.023104,17.861,1617.4,16.737,16.673,0.0,0.0,0.0,1170.0,31.8,0.0,0.0940935,292.57,788.11,0.0,0.0,1.8755,2.56515e-05,0.20217,0.0,0.62467,0.0,7.4953,38968.0,2098.8,2016.0,96.0,4.0,9.3397,15.093,1.3489,0.0,31.8
2,97.0,1.0034,1.9068,17324500.0,27.0,33.0,0.98488,0.19993,0.33943,1.0,0.10318,503404000.0,3.7171,12488.0,3638.1,1603.4,1589.6,5657.2,4189.2,1609.0,0.3,1.0,1.0,0.20161,182.77,36.609,25.683,36.236,66.389,17.857,0.0225593,0.00787822,0.0228316,17.879,1609.0,16.487,17.145,0.0,0.0,0.0,1170.0,31.8,0.0,1.516,292.66,789.27,0.0,0.0,1.8755,2.0678e-05,0.20154,0.0,0.61389,0.0,7.3659,38961.0,2098.2,2016.0,97.0,4.0,9.7242,15.865,1.516,2.4,31.8
2,98.0,0.96817,1.9522,18687300.0,27.0,34.0,0.97459,0.19914,0.33714,1.0,0.0962405,503404000.0,3.5618,12461.0,3620.5,1538.7,1654.3,5647.3,4177.7,1598.0,0.3,1.0,1.0,0.30798,182.98,34.713,27.579,36.432,66.389,17.863,0.0222869,0.00767187,0.0225593,17.885,1598.0,16.175,17.561,0.0,0.0,0.0,1170.0,34.2,0.0,0.11347,294.18,790.28,0.0,0.0,1.8755,1.56682e-05,0.20026,0.0,0.62636,0.0,7.5162,38954.0,2097.6,2016.0,98.0,4.0,10.163,16.435,1.7124,0.0,34.2
2,99.0,0.83047,1.9959,17276900.0,27.0,33.0,0.96426,0.1839,0.29297,1.0,0.0911243,503404000.0,3.4049,12434.0,3603.7,1473.2,1719.8,5636.9,4165.6,1586.0,0.3,1.0,1.0,0.26183,183.28,32.832,29.459,36.74,66.389,17.863,0.0220246,0.00747317,0.0222869,17.885,1586.0,15.914,17.986,0.0,0.0,0.0,1170.0,34.2,0.0,0.81002,294.29,791.25,0.0,0.0,1.8755,1.06182e-05,0.19939,0.0,0.61344,0.0,7.3601,38946.0,2097.0,2016.0,99.0,4.0,9.3304,14.905,1.7003,0.7,34.2
2,100.0,0.72551,2.0413,17252100.0,27.0,33.0,0.95429,0.17057,0.25433,1.0,0.0702755,503404000.0,3.2477,12409.0,3588.4,1407.2,1785.8,5627.2,4154.3,1574.5,0.3,1.0,1.0,0.20136,183.55,30.993,31.299,37.002,66.389,17.863,0.0214218,0.00726682,0.0220246,17.885,1574.5,15.698,18.414,0.0,0.0,0.0,1170.0,34.9,0.0,0.22908,295.1,792.08,0.0,0.0,1.8755,5.52659e-06,0.19867,0.0,0.6029,0.0,7.2349,38939.0,2096.4,2016.0,100.0,4.0,10.352,16.96,2.0407,0.1,34.9
